variant_name,prediction,seed,compat_N,well_mixed,payoff_preset,payoff_T,payoff_R,payoff_P,payoff_S,evolution_on,mutation_rate,fermi_k,evolution_interval,dunbar_limit,vision_radius,player_speed,end_cycle,share_TFT,share_ALLC,share_ALLD,share_FTFT,share_TF2T,share_GRIM,share_WSLS,d_share,exploit_last_window,payoff_ALLD,payoff_TFT,payoff_all,known_partners,distinct_partners,games_per_partner,exceeding_dunbar,fixated,stabilized,stabilized_at,nb_character_changes
S1_P12_wellmixed,P1P2,744720527,200,True,PD_classic,9.0,5.0,1.0,0.0,True,0.0,0.5,100,0,30,2.0,20000,0.032,0.0,0.968,0.0,0.0,0.0,0.0,1.0,0.0,1.0970248638365516,1.094225677047299,1.0968709085631425,199.0,199.0,183.92105527638188,0.0,False,False,-1,3637
S1_P12_wellmixed,P1P2,686818433,200,True,PD_classic,9.0,5.0,1.0,0.0,True,0.0,0.5,100,0,30,2.0,20000,0.0,0.0,0.0,1.0,0.0,0.0,0.0,0.03238780601924844,0.06300112043286968,0.0,0.0,2.4437589088403326,199.0,199.0,183.86195979899492,0.0,True,False,-1,5266
S1_P12_wellmixed,P1P2,2121129191,200,True,PD_classic,9.0,5.0,1.0,0.0,True,0.0,0.5,100,0,30,2.0,20000,0.0,0.0,0.0,1.0,0.0,0.0,0.0,0.007081874893520278,0.014161440420797087,0.0,0.0,3.114319658795501,199.0,199.0,183.89256281407037,0.0,True,False,-1,4841
S1_P12_wellmixed,P1P2,381425458,200,True,PD_classic,9.0,5.0,1.0,0.0,True,0.0,0.5,100,0,30,2.0,20000,0.0,0.0,0.0,0.0,0.0,1.0,0.0,0.006583174542817216,0.0,0.0,0.0,4.081405587487164,199.0,199.0,183.95849246231163,0.0,True,True,16000,8256
S1_P12_wellmixed,P1P2,1620985466,200,True,PD_classic,9.0,5.0,1.0,0.0,True,0.0,0.5,100,0,30,2.0,20000,0.0,0.0,1.0,0.0,0.0,0.0,0.0,1.0,0.0,1.0648309855516427,0.0,1.0648309855516427,199.0,199.0,183.91909547738692,0.0,True,True,11000,895
S1_P12_wellmixed,P1P2,2121129191,200,True,weak_PD,1.6,1.0,0.0,0.0,True,0.0,0.5,100,0,30,2.0,20000,0.0,0.0,0.728,0.0,0.0,0.27199999999999996,0.0,0.9000479108384873,0.1539357420935217,0.35491407598576985,0.0,0.354952088019945,199.0,199.0,183.9161306532664,0.0,False,False,-1,9735
S1_P12_wellmixed,P1P2,686818433,200,True,weak_PD,1.6,1.0,0.0,0.0,True,0.0,0.5,100,0,30,2.0,20000,0.0,0.0,1.0,0.0,0.0,0.0,0.0,1.0,0.0,0.27819555183500594,0.0,0.27819555183500594,199.0,199.0,183.91447236180906,0.0,True,True,18000,7104
S1_P12_wellmixed,P1P2,744720527,200,True,weak_PD,1.6,1.0,0.0,0.0,True,0.0,0.5,100,0,30,2.0,20000,0.0,0.0,0.0,0.0,0.0,0.0,1.0,0.0,0.0,0.0,0.0,0.9238448262983704,199.0,199.0,183.96055276381915,0.0,True,True,14000,10674
S1_P12_wellmixed,P1P2,381425458,200,True,weak_PD,1.6,1.0,0.0,0.0,True,0.0,0.5,100,0,30,2.0,20000,0.0,0.33299999999999996,0.0,0.0,0.0,0.667,0.0,0.0,0.0,0.0,0.0,0.9519763551171097,199.0,199.0,183.89517587939702,0.0,False,True,11000,8916
S1_P12_wellmixed,P1P2,686818433,200,True,snowdrift,4.0,3.0,0.0,2.0,True,0.0,0.5,100,0,30,2.0,20000,0.0,0.2465,0.0,0.0,0.056499999999999995,0.0,0.697,0.0,0.0,0.0,0.0,2.9925854828701435,199.0,199.0,183.92738693467328,0.0,False,True,11000,12281
S1_P12_wellmixed,P1P2,2121129191,200,True,snowdrift,4.0,3.0,0.0,2.0,True,0.0,0.5,100,0,30,2.0,20000,0.0,0.26999999999999996,0.0,0.0,0.327,0.287,0.11599999999999999,0.0,0.0,0.0,0.0,2.987456943282456,199.0,199.0,183.8988944723619,0.0,False,True,11000,14518
S1_P12_wellmixed,P1P2,1620985466,200,True,weak_PD,1.6,1.0,0.0,0.0,True,0.0,0.5,100,0,30,2.0,20000,0.0,0.0,0.0,0.09749999999999999,0.0155,0.6180000000000001,0.269,0.0,0.0,0.0,0.0,0.8700233842933772,199.0,199.0,183.9186432160803,0.0,False,True,16000,13363
S1_P12_wellmixed,P1P2,744720527,200,True,snowdrift,4.0,3.0,0.0,2.0,True,0.0,0.5,100,0,30,2.0,20000,0.19899999999999998,0.8009999999999999,0.0,0.0,0.0,0.0,0.0,0.0,0.0,0.0,2.990539826127826,2.9891072511738512,199.0,199.0,183.93095477386942,0.0,False,True,11000,10181
S1_P12_wellmixed,P1P2,1620985466,200,True,snowdrift,4.0,3.0,0.0,2.0,True,0.0,0.5,100,0,30,2.0,20000,0.22200000000000003,0.0,0.0,0.0,0.0,0.0,0.7779999999999999,0.0,0.0,0.0,2.990723185525558,2.9915745569931302,199.0,199.0,183.9217587939699,0.0,False,True,11000,12028
S1_P12_wellmixed,P1P2,381425458,200,True,snowdrift,4.0,3.0,0.0,2.0,True,0.0,0.5,100,0,30,2.0,20000,0.0,0.0,0.0,0.189,0.48850000000000005,0.0,0.3225,0.0,0.0,0.0,0.0,2.990564405516368,199.0,199.0,183.92165829145722,0.0,False,True,11000,14032
S1_P12_wellmixed,P1P2,2121129191,200,True,PD_classic,9.0,5.0,1.0,0.0,True,0.01,0.5,100,0,30,2.0,20000,0.23149999999999998,0.004,0.5955,0.006500000000000001,0.007000000000000001,0.125,0.030500000000000006,0.8895492590991486,0.17361630975864312,2.6617671673608414,2.665324740224066,2.6608465882412236,199.0,199.0,183.94728643216084,0.0,False,False,-1,11760
S1_P12_wellmixed,P1P2,686818433,200,True,PD_classic,9.0,5.0,1.0,0.0,True,0.01,0.5,100,0,30,2.0,20000,0.0005,0.07100000000000001,0.2375,0.36450000000000005,0.05950000000000001,0.22600000000000003,0.040999999999999995,0.53673887089311,0.31515105154166007,1.9399391166963316,0.0,1.9408379412706882,199.0,199.0,183.92703517587927,0.0,False,False,-1,10581
S1_P12_wellmixed,P1P2,744720527,200,True,PD_classic,9.0,5.0,1.0,0.0,True,0.01,0.5,100,0,30,2.0,20000,0.06200000000000001,0.0015,0.8055,0.014500000000000002,0.10700000000000001,0.0005,0.009,0.9903266358860494,0.017769768457841853,1.4220483589883215,1.4319900861894774,1.4209476163472097,199.0,199.0,183.86884422110572,0.0,False,False,-1,8059
S1_P12_wellmixed,P1P2,381425458,200,True,PD_classic,9.0,5.0,1.0,0.0,True,0.01,0.5,100,0,30,2.0,20000,0.1015,0.0005,0.836,0.009500000000000001,0.03600000000000001,0.0125,0.003999999999999999,0.9889652224927126,0.021190771602070432,1.5575894622506148,1.5535212352806977,1.5574779771252254,199.0,199.0,183.9079899497488,0.0,False,False,-1,9675
S1_P12_wellmixed,P1P2,1620985466,200,True,PD_classic,9.0,5.0,1.0,0.0,True,0.01,0.5,100,0,30,2.0,20000,0.0465,0.0025,0.884,0.0495,0.007499999999999998,0.0095,0.0005,0.9896161812236312,0.02000753147666061,1.4152319405990879,1.4223902260318089,1.414904853175396,199.0,199.0,183.91919597989946,0.0,False,False,-1,8505
S1_P12_wellmixed,P1P2,2121129191,200,True,weak_PD,1.6,1.0,0.0,0.0,True,0.01,0.5,100,0,30,2.0,20000,0.0025,0.074,0.38950000000000007,0.025,0.031,0.0035000000000000005,0.47450000000000003,0.5400152334614046,0.33282805343198146,0.728846976750865,0.0,0.7277931577221525,199.0,199.0,183.9263316582915,0.0,False,False,-1,11866
S1_P12_wellmixed,P1P2,686818433,200,True,weak_PD,1.6,1.0,0.0,0.0,True,0.01,0.5,100,0,30,2.0,20000,0.014000000000000002,0.0005,0.5715,0.038,0.015,0.16299999999999998,0.198,0.764073403735112,0.27767126056295716,0.4730949895063734,0.46555525386916324,0.4739798346525762,199.0,199.0,183.91005025125637,0.0,False,False,-1,14162
S1_P12_wellmixed,P1P2,744720527,200,True,weak_PD,1.6,1.0,0.0,0.0,True,0.01,0.5,100,0,30,2.0,20000,0.20800000000000002,0.012,0.025500000000000002,0.038000000000000006,0.0185,0.06750000000000002,0.6305000000000001,0.06112652595708166,0.04754262131311312,0.6641811891714147,0.6680603774351217,0.667671654277376,199.0,199.0,183.9361809045227,0.0,False,False,-1,14350
S1_P12_wellmixed,P1P2,381425458,200,True,weak_PD,1.6,1.0,0.0,0.0,True,0.01,0.5,100,0,30,2.0,20000,0.0025,0.006,0.7145,0.019,0.004,0.12200000000000003,0.132,0.8444610898789298,0.22266642635951042,0.43711432973318703,0.0,0.4379918526731838,199.0,199.0,183.9480904522612,0.0,False,False,-1,13741
S1_P12_wellmixed,P1P2,1620985466,200,True,weak_PD,1.6,1.0,0.0,0.0,True,0.01,0.5,100,0,30,2.0,20000,0.006,0.1365,0.6855,0.0505,0.0315,0.021500000000000002,0.06849999999999999,0.7843837759704944,0.30650202163697954,0.4868827426727474,0.487531181494219,0.4863117485304796,199.0,199.0,183.94849246231155,0.0,False,False,-1,13043
S1_P12_wellmixed,P1P2,2121129191,200,True,snowdrift,4.0,3.0,0.0,2.0,True,0.01,0.5,100,0,30,2.0,20000,0.002,0.631,0.34700000000000003,0.004,0.005,0.0015,0.009500000000000003,0.3530162416268297,0.44976053011415823,2.8865347890862334,2.8745202645689867,2.8861346661381435,199.0,199.0,183.93170854271352,0.0,False,False,-1,14341
S1_P12_wellmixed,P1P2,744720527,200,True,snowdrift,4.0,3.0,0.0,2.0,True,0.01,0.5,100,0,30,2.0,20000,0.001,0.6445,0.3195,0.007999999999999998,0.003,0.0095,0.014500000000000002,0.33814824629565965,0.4397743962697854,2.89250244374937,0.0,2.893458333013417,199.0,199.0,183.92547738693477,0.0,False,False,11000,14133
S1_P12_wellmixed,P1P2,686818433,200,True,snowdrift,4.0,3.0,0.0,2.0,True,0.01,0.5,100,0,30,2.0,20000,0.0095,0.028500000000000004,0.0015,0.393,0.2605,0.18499999999999997,0.12200000000000003,0.006134378346760025,0.00611691068653842,0.0,0.0,2.9605514961469517,199.0,199.0,183.91954773869355,0.0,False,True,19000,14972
S1_P12_wellmixed,P1P2,381425458,200,True,snowdrift,4.0,3.0,0.0,2.0,True,0.01,0.5,100,0,30,2.0,20000,0.016500000000000004,0.606,0.265,0.0015,0.001,0.0045000000000000005,0.1055,0.31051647336099253,0.40669247001454173,2.782033508764217,2.779358232654012,2.7814947437856237,199.0,199.0,183.91130653266336,0.0,False,False,-1,12724
S1_P12_wellmixed,P1P2,1620985466,200,True,snowdrift,4.0,3.0,0.0,2.0,True,0.01,0.5,100,0,30,2.0,20000,0.0405,0.38150000000000006,0.002,0.019,0.20049999999999998,0.09699999999999999,0.25949999999999995,0.006406830702717511,0.008273953724919748,2.941935659167482,2.962963964813893,2.9622385649647622,199.0,199.0,183.9115577889448,0.0,False,False,12000,14970
S1_P3_wellmixed,P3,2121129191,200,True,PD_classic,9.0,5.0,1.0,0.0,False,0.0,0.5,100,0,30,2.0,20000,0.7999999999999999,0.0,0.19999999999999998,0.0,0.0,0.0,0.0,0.36207241412499475,0.0,1.0349384264245334,4.193989504662989,3.5621792890152983,199.0,199.0,183.9064824120603,0.0,False,True,11000,0
S1_P3_wellmixed,P3,686818433,200,True,PD_classic,9.0,5.0,1.0,0.0,False,0.0,0.5,100,0,30,2.0,20000,0.7999999999999999,0.0,0.19999999999999998,0.0,0.0,0.0,0.0,0.3614222381441597,0.0,1.0349735041459869,4.195094469911871,3.563070276758693,199.0,199.0,183.91708542713567,0.0,False,True,11000,0
S1_P3_wellmixed,P3,744720527,200,True,PD_classic,9.0,5.0,1.0,0.0,False,0.0,0.5,100,0,30,2.0,20000,0.7999999999999999,0.0,0.19999999999999998,0.0,0.0,0.0,0.0,0.3594330322308847,0.0,1.0349672165922408,4.194137953257734,3.5623038059246355,199.0,199.0,183.93974874371867,0.0,False,True,11000,0
S1_P3_wellmixed,P3,381425458,200,True,PD_classic,9.0,5.0,1.0,0.0,False,0.0,0.5,100,0,30,2.0,20000,0.7999999999999999,0.0,0.19999999999999998,0.0,0.0,0.0,0.0,0.36116978252670157,0.0,1.034970584946025,4.19468189291722,3.56273963132298,199.0,199.0,183.9241708542713,0.0,False,True,11000,0
S1_P3_wellmixed,P3,2121129191,200,True,weak_PD,1.6,1.0,0.0,0.0,False,0.0,0.5,100,0,30,2.0,20000,0.7999999999999999,0.0,0.19999999999999998,0.0,0.0,0.0,0.0,0.36207241412499475,0.0,0.0069876852849066,0.7987706956195282,0.640414093552604,199.0,199.0,183.9064824120603,0.0,False,True,11000,0
S1_P3_wellmixed,P3,1620985466,200,True,PD_classic,9.0,5.0,1.0,0.0,False,0.0,0.5,100,0,30,2.0,20000,0.7999999999999999,0.0,0.19999999999999998,0.0,0.0,0.0,0.0,0.36048265787510253,0.0,1.034975293844974,4.194869954229349,3.5628910221524746,199.0,199.0,183.89462311557784,0.0,False,True,11000,0
S1_P3_wellmixed,P3,686818433,200,True,weak_PD,1.6,1.0,0.0,0.0,False,0.0,0.5,100,0,30,2.0,20000,0.7999999999999999,0.0,0.19999999999999998,0.0,0.0,0.0,0.0,0.3614222381441597,0.0,0.006994700829197373,0.7990468490284017,0.6406364193885608,199.0,199.0,183.91708542713567,0.0,False,True,11000,0
S1_P3_wellmixed,P3,744720527,200,True,weak_PD,1.6,1.0,0.0,0.0,False,0.0,0.5,100,0,30,2.0,20000,0.7999999999999999,0.0,0.19999999999999998,0.0,0.0,0.0,0.0,0.3594330322308847,0.0,0.006993443318448125,0.7988076902101009,0.6404448408317703,199.0,199.0,183.93974874371867,0.0,False,True,11000,0
S1_P3_wellmixed,P3,381425458,200,True,weak_PD,1.6,1.0,0.0,0.0,False,0.0,0.5,100,0,30,2.0,20000,0.7999999999999999,0.0,0.19999999999999998,0.0,0.0,0.0,0.0,0.36116978252670157,0.0,0.006994116989204957,0.7989436976799857,0.6405537815418295,199.0,199.0,183.9241708542713,0.0,False,True,11000,0
S1_P3_wellmixed,P3,1620985466,200,True,weak_PD,1.6,1.0,0.0,0.0,False,0.0,0.5,100,0,30,2.0,20000,0.7999999999999999,0.0,0.19999999999999998,0.0,0.0,0.0,0.0,0.36048265787510253,0.0,0.006995058768994804,0.7989907577075317,0.6405916179198241,199.0,199.0,183.89462311557784,0.0,False,True,11000,0
S1_P3_wellmixed,P3,2121129191,200,True,snowdrift,4.0,3.0,0.0,2.0,False,0.0,0.5,100,0,30,2.0,20000,0.7999999999999999,0.0,0.19999999999999998,0.0,0.0,0.0,0.0,0.36207241412499475,0.0,0.017469213212266545,2.398498642488833,1.92229275663352,199.0,199.0,183.9064824120603,0.0,False,True,11000,0
S1_P3_wellmixed,P3,686818433,200,True,snowdrift,4.0,3.0,0.0,2.0,False,0.0,0.5,100,0,30,2.0,20000,0.7999999999999999,0.0,0.19999999999999998,0.0,0.0,0.0,0.0,0.3614222381441597,0.0,0.017486752072993474,2.399326399488678,1.9229584700055407,199.0,199.0,183.91708542713567,0.0,False,True,11000,0
S1_P3_wellmixed,P3,744720527,200,True,snowdrift,4.0,3.0,0.0,2.0,False,0.0,0.5,100,0,30,2.0,20000,0.7999999999999999,0.0,0.19999999999999998,0.0,0.0,0.0,0.0,0.3594330322308847,0.0,0.01748360829612036,2.3986086857956397,1.922383670295736,199.0,199.0,183.93974874371867,0.0,False,True,11000,0
S1_P3_wellmixed,P3,381425458,200,True,snowdrift,4.0,3.0,0.0,2.0,False,0.0,0.5,100,0,30,2.0,20000,0.7999999999999999,0.0,0.19999999999999998,0.0,0.0,0.0,0.0,0.36116978252670157,0.0,0.017485292473012438,2.399016888645404,1.9227105694109248,199.0,199.0,183.9241708542713,0.0,False,True,11000,0
S1_P3_wellmixed,P3,2121129191,200,True,PD_classic,9.0,5.0,1.0,0.0,False,0.0,0.5,100,5,30,2.0,20000,0.7999999999999999,0.0,0.19999999999999998,0.0,0.0,0.0,0.0,0.201043318123351,0.32205834152736806,7.430785857919415,3.9938534780976416,4.681239954061995,5.0,199.0,183.9064824120603,1.0,False,True,11000,0
S1_P3_wellmixed,P3,686818433,200,True,PD_classic,9.0,5.0,1.0,0.0,False,0.0,0.5,100,5,30,2.0,20000,0.7999999999999999,0.0,0.19999999999999998,0.0,0.0,0.0,0.0,0.20026448111751863,0.32231576532033807,7.430500630857477,3.995234245142008,4.682287522285104,5.0,199.0,183.91708542713567,1.0,False,True,11000,0
S1_P3_wellmixed,P3,1620985466,200,True,snowdrift,4.0,3.0,0.0,2.0,False,0.0,0.5,100,0,30,2.0,20000,0.7999999999999999,0.0,0.19999999999999998,0.0,0.0,0.0,0.0,0.36048265787510253,0.0,0.017487646922487058,2.3991584263241466,1.922824270443815,199.0,199.0,183.89462311557784,0.0,False,True,11000,0
S1_P3_wellmixed,P3,744720527,200,True,PD_classic,9.0,5.0,1.0,0.0,False,0.0,0.5,100,5,30,2.0,20000,0.7999999999999999,0.0,0.19999999999999998,0.0,0.0,0.0,0.0,0.19922379852645186,0.3204233822468126,7.437715793145046,3.994038451050503,4.682773919469411,5.0,199.0,183.93974874371867,1.0,False,True,11000,0
S1_P3_wellmixed,P3,381425458,200,True,PD_classic,9.0,5.0,1.0,0.0,False,0.0,0.5,100,5,30,2.0,20000,0.7999999999999999,0.0,0.19999999999999998,0.0,0.0,0.0,0.0,0.20052310085367792,0.32129288997972,7.433488132332451,3.9947184883999287,4.682472417186435,5.0,199.0,183.9241708542713,1.0,False,True,11000,0
S1_P3_wellmixed,P3,1620985466,200,True,PD_classic,9.0,5.0,1.0,0.0,False,0.0,0.5,100,5,30,2.0,20000,0.7999999999999999,0.0,0.19999999999999998,0.0,0.0,0.0,0.0,0.19950127527792144,0.32196164377572156,7.431732947697586,3.9949537885376594,4.6823096203696455,5.0,199.0,183.89462311557784,1.0,False,True,11000,0
S1_P3_wellmixed,P3,686818433,200,True,weak_PD,1.6,1.0,0.0,0.0,False,0.0,0.5,100,5,30,2.0,20000,0.7999999999999999,0.0,0.19999999999999998,0.0,0.0,0.0,0.0,0.20026448111751863,0.32231576532033807,1.2861001261708047,0.7990468490284017,0.8964575044568829,5.0,199.0,183.91708542713567,1.0,False,True,11000,0
S1_P3_wellmixed,P3,2121129191,200,True,weak_PD,1.6,1.0,0.0,0.0,False,0.0,0.5,100,5,30,2.0,20000,0.7999999999999999,0.0,0.19999999999999998,0.0,0.0,0.0,0.0,0.201043318123351,0.32205834152736806,1.2861571715831914,0.7987706956195282,0.8962479908122607,5.0,199.0,183.9064824120603,1.0,False,True,11000,0
S1_P3_wellmixed,P3,744720527,200,True,weak_PD,1.6,1.0,0.0,0.0,False,0.0,0.5,100,5,30,2.0,20000,0.7999999999999999,0.0,0.19999999999999998,0.0,0.0,0.0,0.0,0.19922379852645186,0.3204233822468126,1.287543158628317,0.7988076902101009,0.8965547838937441,5.0,199.0,183.93974874371867,1.0,False,True,11000,0
S1_P3_wellmixed,P3,381425458,200,True,weak_PD,1.6,1.0,0.0,0.0,False,0.0,0.5,100,5,30,2.0,20000,0.7999999999999999,0.0,0.19999999999999998,0.0,0.0,0.0,0.0,0.20052310085367792,0.32129288997972,1.2866976264657985,0.7989436976799857,0.8964944834371484,5.0,199.0,183.9241708542713,1.0,False,True,11000,0
S1_P3_wellmixed,P3,2121129191,200,True,snowdrift,4.0,3.0,0.0,2.0,False,0.0,0.5,100,5,30,2.0,20000,0.7999999999999999,0.0,0.19999999999999998,0.0,0.0,0.0,0.0,0.201043318123351,0.32205834152736806,3.2153929289597074,2.798770695619527,2.882095142287563,5.0,199.0,183.9064824120603,1.0,False,True,11000,0
S1_P3_wellmixed,P3,1620985466,200,True,weak_PD,1.6,1.0,0.0,0.0,False,0.0,0.5,100,5,30,2.0,20000,0.7999999999999999,0.0,0.19999999999999998,0.0,0.0,0.0,0.0,0.19950127527792144,0.32196164377572156,1.2863465895388264,0.7989907577075317,0.8964619240737907,5.0,199.0,183.89462311557784,1.0,False,True,11000,0
S1_P3_wellmixed,P3,686818433,200,True,snowdrift,4.0,3.0,0.0,2.0,False,0.0,0.5,100,5,30,2.0,20000,0.7999999999999999,0.0,0.19999999999999998,0.0,0.0,0.0,0.0,0.20026448111751863,0.32231576532033807,3.2152503154287393,2.799046849028403,2.8822875423084713,5.0,199.0,183.91708542713567,1.0,False,True,11000,0
S1_P3_wellmixed,P3,744720527,200,True,snowdrift,4.0,3.0,0.0,2.0,False,0.0,0.5,100,5,30,2.0,20000,0.7999999999999999,0.0,0.19999999999999998,0.0,0.0,0.0,0.0,0.19922379852645186,0.3204233822468126,3.2188578965725227,2.798807690210102,2.8828177314825862,5.0,199.0,183.93974874371867,1.0,False,True,11000,0
S1_P3_wellmixed,P3,381425458,200,True,snowdrift,4.0,3.0,0.0,2.0,False,0.0,0.5,100,5,30,2.0,20000,0.7999999999999999,0.0,0.19999999999999998,0.0,0.0,0.0,0.0,0.20052310085367792,0.32129288997972,3.2167440661662248,2.798943697679984,2.882503771377233,5.0,199.0,183.9241708542713,1.0,False,True,11000,0
S1_P3_wellmixed,P3,1620985466,200,True,snowdrift,4.0,3.0,0.0,2.0,False,0.0,0.5,100,5,30,2.0,20000,0.7999999999999999,0.0,0.19999999999999998,0.0,0.0,0.0,0.0,0.19950127527792144,0.32196164377572156,3.215866473848794,2.7989907577075344,2.8823659009357856,5.0,199.0,183.89462311557784,1.0,False,True,11000,0
S1_P3_wellmixed,P3,2121129191,200,True,PD_classic,9.0,5.0,1.0,0.0,False,0.0,0.5,100,15,30,2.0,20000,0.7999999999999999,0.0,0.19999999999999998,0.0,0.0,0.0,0.0,0.20133015780995356,0.32148475909537855,7.418111018198603,3.994250173209343,4.679022342207196,15.0,199.0,183.9064824120603,1.0,False,True,11000,0
S1_P3_wellmixed,P3,686818433,200,True,PD_classic,9.0,5.0,1.0,0.0,False,0.0,0.5,100,15,30,2.0,20000,0.7999999999999999,0.0,0.19999999999999998,0.0,0.0,0.0,0.0,0.20062235506274181,0.32160007867089885,7.417391590999954,3.99564399084568,4.6799935108765345,15.0,199.0,183.91708542713567,1.0,False,True,11000,0
S1_P3_wellmixed,P3,744720527,200,True,PD_classic,9.0,5.0,1.0,0.0,False,0.0,0.5,100,15,30,2.0,20000,0.7999999999999999,0.0,0.19999999999999998,0.0,0.0,0.0,0.0,0.19955185225560154,0.3197673147155947,7.424983421373863,3.9944363386973065,4.680545755232617,15.0,199.0,183.93974874371867,1.0,False,True,11000,0
S1_P3_wellmixed,P3,381425458,200,True,PD_classic,9.0,5.0,1.0,0.0,False,0.0,0.5,100,15,30,2.0,20000,0.7999999999999999,0.0,0.19999999999999998,0.0,0.0,0.0,0.0,0.2008401197594043,0.3206587988345842,7.420844504681426,3.995113634946473,4.680259808893462,15.0,199.0,183.9241708542713,1.0,False,True,11000,0
S1_P3_wellmixed,P3,1620985466,200,True,PD_classic,9.0,5.0,1.0,0.0,False,0.0,0.5,100,15,30,2.0,20000,0.7999999999999999,0.0,0.19999999999999998,0.0,0.0,0.0,0.0,0.1998647252229163,0.32123474468352564,7.418818600688614,3.995357403714991,4.680049643109715,15.0,199.0,183.89462311557784,1.0,False,True,11000,0
S1_P3_wellmixed,P3,2121129191,200,True,weak_PD,1.6,1.0,0.0,0.0,False,0.0,0.5,100,15,30,2.0,20000,0.7999999999999999,0.0,0.19999999999999998,0.0,0.0,0.0,0.0,0.20133015780995356,0.32148475909537855,1.2836222036390312,0.7987706956195282,0.8957409972234288,15.0,199.0,183.9064824120603,1.0,False,True,11000,0
S1_P3_wellmixed,P3,686818433,200,True,weak_PD,1.6,1.0,0.0,0.0,False,0.0,0.5,100,15,30,2.0,20000,0.7999999999999999,0.0,0.19999999999999998,0.0,0.0,0.0,0.0,0.20062235506274181,0.32160007867089885,1.2834783181993021,0.7990468490284017,0.895933142862582,15.0,199.0,183.91708542713567,1.0,False,True,11000,0
S1_P3_wellmixed,P3,744720527,200,True,weak_PD,1.6,1.0,0.0,0.0,False,0.0,0.5,100,15,30,2.0,20000,0.7999999999999999,0.0,0.19999999999999998,0.0,0.0,0.0,0.0,0.19955185225560154,0.3197673147155947,1.2849966842740828,0.7988076902101009,0.896045489022897,15.0,199.0,183.93974874371867,1.0,False,True,11000,0
S1_P3_wellmixed,P3,381425458,200,True,weak_PD,1.6,1.0,0.0,0.0,False,0.0,0.5,100,15,30,2.0,20000,0.7999999999999999,0.0,0.19999999999999998,0.0,0.0,0.0,0.0,0.2008401197594043,0.3206587988345842,1.2841689009355959,0.7989436976799857,0.8959887383311079,15.0,199.0,183.9241708542713,1.0,False,True,11000,0
S1_P3_wellmixed,P3,1620985466,200,True,weak_PD,1.6,1.0,0.0,0.0,False,0.0,0.5,100,15,30,2.0,20000,0.7999999999999999,0.0,0.19999999999999998,0.0,0.0,0.0,0.0,0.1998647252229163,0.32123474468352564,1.283763720137034,0.7989907577075317,0.8959453501934321,15.0,199.0,183.89462311557784,1.0,False,True,11000,0
S1_P3_wellmixed,P3,2121129191,200,True,snowdrift,4.0,3.0,0.0,2.0,False,0.0,0.5,100,15,30,2.0,20000,0.7999999999999999,0.0,0.19999999999999998,0.0,0.0,0.0,0.0,0.20133015780995356,0.32148475909537855,3.2090555090993007,2.7979773053961297,2.8801929461367646,15.0,199.0,183.9064824120603,1.0,False,True,11000,0
S1_P3_wellmixed,P3,686818433,200,True,snowdrift,4.0,3.0,0.0,2.0,False,0.0,0.5,100,15,30,2.0,20000,0.7999999999999999,0.0,0.19999999999999998,0.0,0.0,0.0,0.0,0.20062235506274181,0.32160007867089885,3.2086957954999775,2.7982273576210566,2.8803210451968413,15.0,199.0,183.91708542713567,1.0,False,True,11000,0
S1_P3_wellmixed,P3,744720527,200,True,snowdrift,4.0,3.0,0.0,2.0,False,0.0,0.5,100,15,30,2.0,20000,0.7999999999999999,0.0,0.19999999999999998,0.0,0.0,0.0,0.0,0.19955185225560154,0.3197673147155947,3.212491710686933,2.798011914916496,2.8809078740705836,15.0,199.0,183.93974874371867,1.0,False,True,11000,0
S1_P3_wellmixed,P3,381425458,200,True,snowdrift,4.0,3.0,0.0,2.0,False,0.0,0.5,100,15,30,2.0,20000,0.7999999999999999,0.0,0.19999999999999998,0.0,0.0,0.0,0.0,0.2008401197594043,0.3206587988345842,3.2104222523407135,2.798153404586898,2.880607174137662,15.0,199.0,183.9241708542713,1.0,False,True,11000,0
S1_P3_wellmixed,P3,1620985466,200,True,snowdrift,4.0,3.0,0.0,2.0,False,0.0,0.5,100,15,30,2.0,20000,0.7999999999999999,0.0,0.19999999999999998,0.0,0.0,0.0,0.0,0.1998647252229163,0.32123474468352564,3.2094093003443067,2.7981835273528675,2.880428681951154,15.0,199.0,183.89462311557784,1.0,False,True,11000,0
S1_P3_wellmixed,P3,2121129191,200,True,PD_classic,9.0,5.0,1.0,0.0,False,0.0,0.5,100,50,30,2.0,20000,0.7999999999999999,0.0,0.19999999999999998,0.0,0.0,0.0,0.0,0.23058323088427662,0.2629793510324484,6.269697732910044,4.030186296836082,4.478088584050875,50.0,199.0,183.9064824120603,1.0,False,True,11000,0
S1_P3_wellmixed,P3,686818433,200,True,PD_classic,9.0,5.0,1.0,0.0,False,0.0,0.5,100,50,30,2.0,20000,0.7999999999999999,0.0,0.19999999999999998,0.0,0.0,0.0,0.0,0.22955580821121094,0.26373326194677693,6.26933534303806,4.0315207433896125,4.479083663319302,50.0,199.0,183.91708542713567,1.0,False,True,11000,0
S1_P3_wellmixed,P3,744720527,200,True,PD_classic,9.0,5.0,1.0,0.0,False,0.0,0.5,100,50,30,2.0,20000,0.7999999999999999,0.0,0.19999999999999998,0.0,0.0,0.0,0.0,0.22797751622161852,0.2629135959061386,6.273474435203537,4.030423732322694,4.479033872898863,50.0,199.0,183.93974874371867,1.0,False,True,11000,0
S1_P3_wellmixed,P3,381425458,200,True,PD_classic,9.0,5.0,1.0,0.0,False,0.0,0.5,100,50,30,2.0,20000,0.7999999999999999,0.0,0.19999999999999998,0.0,0.0,0.0,0.0,0.22965876289324907,0.26302210026292916,6.274717406721378,4.030931729677666,4.479688865086409,50.0,199.0,183.9241708542713,1.0,False,True,11000,0
S1_P3_wellmixed,P3,1620985466,200,True,PD_classic,9.0,5.0,1.0,0.0,False,0.0,0.5,100,50,30,2.0,20000,0.7999999999999999,0.0,0.19999999999999998,0.0,0.0,0.0,0.0,0.22868655594552098,0.2635911001317163,6.272995363861647,4.031168223638848,4.479533651683408,50.0,199.0,183.89462311557784,1.0,False,True,11000,0
S1_P3_wellmixed,P3,2121129191,200,True,weak_PD,1.6,1.0,0.0,0.0,False,0.0,0.5,100,50,30,2.0,20000,0.7999999999999999,0.0,0.19999999999999998,0.0,0.0,0.0,0.0,0.23058323088427662,0.2629793510324484,1.0539395465815289,0.7987706956195282,0.8498044658119283,50.0,199.0,183.9064824120603,1.0,False,True,11000,0
S1_P3_wellmixed,P3,686818433,200,True,weak_PD,1.6,1.0,0.0,0.0,False,0.0,0.5,100,50,30,2.0,20000,0.7999999999999999,0.0,0.19999999999999998,0.0,0.0,0.0,0.0,0.22955580821121094,0.26373326194677693,1.0538670686071325,0.7990468490284017,0.8500108929441482,50.0,199.0,183.91708542713567,1.0,False,True,11000,0
S1_P3_wellmixed,P3,744720527,200,True,weak_PD,1.6,1.0,0.0,0.0,False,0.0,0.5,100,50,30,2.0,20000,0.7999999999999999,0.0,0.19999999999999998,0.0,0.0,0.0,0.0,0.22797751622161852,0.2629135959061386,1.0546948870402268,0.7988076902101009,0.8499851295761259,50.0,199.0,183.93974874371867,1.0,False,True,11000,0
S1_P3_wellmixed,P3,381425458,200,True,weak_PD,1.6,1.0,0.0,0.0,False,0.0,0.5,100,50,30,2.0,20000,0.7999999999999999,0.0,0.19999999999999998,0.0,0.0,0.0,0.0,0.22965876289324907,0.26302210026292916,1.0549434813437952,0.7989436976799857,0.8501436544127474,50.0,199.0,183.9241708542713,1.0,False,True,11000,0
S1_P3_wellmixed,P3,1620985466,200,True,weak_PD,1.6,1.0,0.0,0.0,False,0.0,0.5,100,50,30,2.0,20000,0.7999999999999999,0.0,0.19999999999999998,0.0,0.0,0.0,0.0,0.22868655594552098,0.2635911001317163,1.0545990727718493,0.7989907577075317,0.8501124207203947,50.0,199.0,183.89462311557784,1.0,False,True,11000,0
S1_P3_wellmixed,P3,2121129191,200,True,snowdrift,4.0,3.0,0.0,2.0,False,0.0,0.5,100,50,30,2.0,20000,0.7999999999999999,0.0,0.19999999999999998,0.0,0.0,0.0,0.0,0.23058323088427662,0.2629793510324484,2.634848866455022,2.7261050581426507,2.707853819805125,50.0,199.0,183.9064824120603,1.0,False,True,11000,0
S1_P3_wellmixed,P3,686818433,200,True,snowdrift,4.0,3.0,0.0,2.0,False,0.0,0.5,100,50,30,2.0,20000,0.7999999999999999,0.0,0.19999999999999998,0.0,0.0,0.0,0.0,0.22955580821121094,0.26373326194677693,2.63466767151903,2.7264738525331857,2.7081126163303546,50.0,199.0,183.91708542713567,1.0,False,True,11000,0
S1_P3_wellmixed,P3,744720527,200,True,snowdrift,4.0,3.0,0.0,2.0,False,0.0,0.5,100,50,30,2.0,20000,0.7999999999999999,0.0,0.19999999999999998,0.0,0.0,0.0,0.0,0.22797751622161852,0.2629135959061386,2.636737217601768,2.726037127665721,2.7081771456529307,50.0,199.0,183.93974874371867,1.0,False,True,11000,0
S1_P12_space,P1P2,2121129191,200,False,PD_classic,9.0,5.0,1.0,0.0,True,0.0,0.5,100,0,30,2.0,20000,0.0,0.0,1.0,0.0,0.0,0.0,0.0,1.0,0.0,1.2986553171525175,0.0,1.2986553171525175,58.96,58.96,8.077379766610653,0.0,True,True,11000,391
S1_P12_space,P1P2,686818433,200,False,PD_classic,9.0,5.0,1.0,0.0,True,0.0,0.5,100,0,30,2.0,20000,0.0,0.0,1.0,0.0,0.0,0.0,0.0,1.0,0.0,1.3352962137666433,0.0,1.3352962137666433,60.39,60.39,7.528556040989406,0.0,True,True,12000,345
S1_P12_space,P1P2,744720527,200,False,PD_classic,9.0,5.0,1.0,0.0,True,0.0,0.5,100,0,30,2.0,20000,0.0,0.0,1.0,0.0,0.0,0.0,0.0,1.0,0.0,1.277876602456138,0.0,1.277876602456138,60.4,60.4,7.669432864972006,0.0,True,True,11000,357
S1_P12_space,P1P2,381425458,200,False,PD_classic,9.0,5.0,1.0,0.0,True,0.0,0.5,100,0,30,2.0,20000,0.0,0.0,1.0,0.0,0.0,0.0,0.0,1.0,0.0,1.393380795800894,0.0,1.393380795800894,60.59,60.59,7.672494583721868,0.0,True,True,13000,422
S1_P12_space,P1P2,1620985466,200,False,PD_classic,9.0,5.0,1.0,0.0,True,0.0,0.5,100,0,30,2.0,20000,0.0,0.0,1.0,0.0,0.0,0.0,0.0,1.0,0.0,1.325167075498597,0.0,1.325167075498597,60.87,60.87,7.508472032418274,0.0,True,True,11000,393
S1_P3_wellmixed,P3,381425458,200,True,snowdrift,4.0,3.0,0.0,2.0,False,0.0,0.5,100,50,30,2.0,20000,0.7999999999999999,0.0,0.19999999999999998,0.0,0.0,0.0,0.0,0.22965876289324907,0.26302210026292916,2.6373587033606896,2.7265172151245114,2.708685512771748,50.0,199.0,183.9241708542713,1.0,False,True,11000,0
S1_P3_wellmixed,P3,1620985466,200,True,snowdrift,4.0,3.0,0.0,2.0,False,0.0,0.5,100,50,30,2.0,20000,0.7999999999999999,0.0,0.19999999999999998,0.0,0.0,0.0,0.0,0.22868655594552098,0.2635911001317163,2.6364976819308237,2.726561887505151,2.708549046390285,50.0,199.0,183.89462311557784,1.0,False,True,11000,0
S1_P12_space,P1P2,2121129191,200,False,weak_PD,1.6,1.0,0.0,0.0,True,0.0,0.5,100,0,30,2.0,20000,0.0,0.0,1.0,0.0,0.0,0.0,0.0,1.0,0.0,0.12580834228420298,0.0,0.12580834228420298,59.51,59.51,7.721358797350283,0.0,True,True,14000,651
S1_P12_space,P1P2,686818433,200,False,weak_PD,1.6,1.0,0.0,0.0,True,0.0,0.5,100,0,30,2.0,20000,0.0195,0.0,0.9804999999999999,0.0,0.0,0.0,0.0,0.99928015436944,0.001374255611543747,0.14255304768542662,0.13051428977658142,0.14237246631679398,59.25,59.25,7.675033760992676,0.0,False,True,14000,790
S1_P12_space,P1P2,744720527,200,False,weak_PD,1.6,1.0,0.0,0.0,True,0.0,0.5,100,0,30,2.0,20000,0.0,0.0,1.0,0.0,0.0,0.0,0.0,1.0,0.0,0.12267259488955068,0.0,0.12267259488955068,59.9,59.9,7.828155547824221,0.0,True,True,15000,770
S1_P12_space,P1P2,381425458,200,False,weak_PD,1.6,1.0,0.0,0.0,True,0.0,0.5,100,0,30,2.0,20000,0.0,0.0,1.0,0.0,0.0,0.0,0.0,1.0,0.0,0.13457519815637722,0.0,0.13457519815637722,60.31,60.31,7.629792889698934,0.0,True,True,14000,749
S1_P12_space,P1P2,1620985466,200,False,weak_PD,1.6,1.0,0.0,0.0,True,0.0,0.5,100,0,30,2.0,20000,0.0,0.0,1.0,0.0,0.0,0.0,0.0,1.0,0.0,0.11559732209720763,0.0,0.11559732209720763,59.52,59.52,7.7216863539445875,0.0,True,True,14000,624
S1_P12_space,P1P2,2121129191,200,False,snowdrift,4.0,3.0,0.0,2.0,True,0.0,0.5,100,0,30,2.0,20000,0.06799999999999999,0.0,0.905,0.009999999999999998,0.016999999999999998,0.0,0.0,0.9685311776345985,0.014588859416445624,0.694075742642621,0.8902788432708603,0.7151118080376697,58.6,58.6,7.972004084768142,0.0,False,False,-1,1288
S1_P12_space,P1P2,686818433,200,False,snowdrift,4.0,3.0,0.0,2.0,True,0.0,0.5,100,0,30,2.0,20000,0.0,0.0,0.9270000000000002,0.05500000000000001,0.01,0.008000000000000002,0.0,0.9832505829406311,0.03260869565217391,0.7972463481871785,0.0,0.8051172009907431,58.82,58.82,8.020233417147233,0.0,False,False,-1,1210
S1_P12_space,P1P2,744720527,200,False,snowdrift,4.0,3.0,0.0,2.0,True,0.0,0.5,100,0,30,2.0,20000,0.0,0.0,0.883,0.0,0.07999999999999999,0.03699999999999999,0.0,0.9569927385552462,0.044563279857397504,0.7704636642403785,0.0,0.77516398627639,59.3,59.3,7.703757690481044,0.0,False,False,17000,1361
S1_P12_space,P1P2,381425458,200,False,snowdrift,4.0,3.0,0.0,2.0,True,0.0,0.5,100,0,30,2.0,20000,0.0,0.0,0.9015000000000001,0.0625,0.016500000000000004,0.011,0.0085,0.9618555436764693,0.047069681587448085,0.8977253470329852,0.0,0.9056284460834659,59.1,59.1,7.961139817336064,0.0,False,False,-1,1420
S1_P12_space,P1P2,1620985466,200,False,snowdrift,4.0,3.0,0.0,2.0,True,0.0,0.5,100,0,30,2.0,20000,0.0355,0.0,0.9644999999999999,0.0,0.0,0.0,0.0,0.9880682257355424,0.009286618826509076,0.6817640604052012,0.6089244212935505,0.678486276645177,60.17,60.17,7.4710691181840785,0.0,False,False,-1,1248
S1_P12_space,P1P2,2121129191,200,False,PD_classic,9.0,5.0,1.0,0.0,True,0.01,0.5,100,0,30,2.0,20000,0.006999999999999999,0.016500000000000004,0.9065,0.0045,0.025,0.018,0.0225,0.9711167983547048,0.05287569573283859,1.4860546673563433,0.0,1.4981979207256546,60.64,60.64,7.697820686890754,0.0,False,True,13000,1147
S1_P12_space,P1P2,686818433,200,False,PD_classic,9.0,5.0,1.0,0.0,True,0.01,0.5,100,0,30,2.0,20000,0.0155,0.009999999999999998,0.8825,0.030000000000000006,0.014500000000000002,0.03899999999999999,0.0085,0.9674347056080814,0.0405040504050405,1.5772190869658433,1.6406413771432495,1.5918503274997449,59.4,59.4,7.709982630200895,0.0,False,False,-1,1279
S1_P12_space,P1P2,381425458,200,False,PD_classic,9.0,5.0,1.0,0.0,True,0.01,0.5,100,0,30,2.0,20000,0.017,0.014499999999999999,0.8930000000000001,0.030000000000000006,0.0215,0.018,0.006,0.9701800296356169,0.04902789518174133,1.5168701270174687,1.5133891537384183,1.5168919125908058,59.55,59.55,7.8373519884932925,0.0,False,True,20000,1177
S1_P12_space,P1P2,744720527,200,False,PD_classic,9.0,5.0,1.0,0.0,True,0.01,0.5,100,0,30,2.0,20000,0.007000000000000001,0.005,0.9315000000000001,0.011,0.03450000000000001,0.004999999999999999,0.006,0.9891609090059497,0.022381756756756757,1.5132266851200307,1.30869708994709,1.513346180353874,58.78,58.78,7.8566111982799605,0.0,False,False,11000,1152
S1_P12_space,P1P2,1620985466,200,False,PD_classic,9.0,5.0,1.0,0.0,True,0.01,0.5,100,0,30,2.0,20000,0.025999999999999995,0.008000000000000002,0.9145000000000001,0.0095,0.014000000000000002,0.009999999999999998,0.018,0.9714735900207675,0.04995766299745978,1.4733380937902214,1.35617293662428,1.4716624932096987,58.78,58.78,7.721278752988399,0.0,False,False,-1,1113
S1_P12_space,P1P2,2121129191,200,False,weak_PD,1.6,1.0,0.0,0.0,True,0.01,0.5,100,0,30,2.0,20000,0.0615,0.022,0.764,0.026500000000000003,0.05199999999999999,0.051500000000000004,0.0225,0.9083677188515875,0.11890243902439024,0.19980629390939317,0.2255355309794471,0.19897222596643896,60.62,60.62,7.73699449129094,0.0,False,False,-1,1730
S1_P12_space,P1P2,686818433,200,False,weak_PD,1.6,1.0,0.0,0.0,True,0.01,0.5,100,0,30,2.0,20000,0.06949999999999999,0.01,0.8240000000000001,0.06100000000000001,0.014500000000000002,0.0205,0.0005,0.9565953325247356,0.06521739130434782,0.19034065403057376,0.20866664932234136,0.19212770710266108,61.43,61.43,7.545206321353825,0.0,False,False,-1,1621
S1_P12_space,P1P2,744720527,200,False,weak_PD,1.6,1.0,0.0,0.0,True,0.01,0.5,100,0,30,2.0,20000,0.0715,0.016000000000000004,0.8119999999999999,0.034999999999999996,0.038,0.013000000000000001,0.014500000000000002,0.9322996983450276,0.0813240702901512,0.22943486431712568,0.21852029764607583,0.22720946113325574,59.49,59.49,7.702201677660653,0.0,False,False,-1,1728
S1_P12_space,P1P2,381425458,200,False,weak_PD,1.6,1.0,0.0,0.0,True,0.01,0.5,100,0,30,2.0,20000,0.07999999999999999,0.008500000000000002,0.791,0.054000000000000006,0.023999999999999997,0.0245,0.017999999999999995,0.9343403849492858,0.06555269922879177,0.2199143553783039,0.22580178609660154,0.22292176266562952,59.39,59.39,7.691872883919017,0.0,False,False,-1,1666
S1_P12_space,P1P2,1620985466,200,False,weak_PD,1.6,1.0,0.0,0.0,True,0.01,0.5,100,0,30,2.0,20000,0.09699999999999999,0.016500000000000004,0.7659999999999999,0.052000000000000005,0.025999999999999995,0.024499999999999994,0.018,0.9409165507437622,0.07733443027560674,0.21796534329340403,0.18213512776030913,0.21721663846360442,61.81,61.81,7.494839244038238,0.0,False,False,-1,1703
S1_P12_space,P1P2,2121129191,200,False,snowdrift,4.0,3.0,0.0,2.0,True,0.01,0.5,100,0,30,2.0,20000,0.06150000000000001,0.027000000000000003,0.6915000000000001,0.125,0.03649999999999999,0.022000000000000002,0.0365,0.8352357635110408,0.13217678645187939,1.2992392972755462,1.2851210572004639,1.3339692906089484,59.69,59.69,7.828124586006924,0.0,False,False,-1,2355
S1_P12_space,P1P2,686818433,200,False,snowdrift,4.0,3.0,0.0,2.0,True,0.01,0.5,100,0,30,2.0,20000,0.11299999999999999,0.0605,0.466,0.11850000000000001,0.142,0.028000000000000004,0.072,0.664704566704219,0.16335030078667284,1.39017516467668,1.4672634083641065,1.4508064156057643,59.19,59.19,7.942885645258922,0.0,False,False,-1,2685
S1_P12_space,P1P2,744720527,200,False,snowdrift,4.0,3.0,0.0,2.0,True,0.01,0.5,100,0,30,2.0,20000,0.08449999999999998,0.026500000000000003,0.5619999999999999,0.1275,0.049,0.092,0.058499999999999996,0.7308241609331942,0.14458333333333334,1.3454468689869576,1.358916252793981,1.353573629516505,60.64,60.64,7.624355582215406,0.0,False,False,-1,2386
S1_P12_space,P1P2,381425458,200,False,snowdrift,4.0,3.0,0.0,2.0,True,0.01,0.5,100,0,30,2.0,20000,0.06600000000000002,0.022,0.604,0.06799999999999999,0.061999999999999986,0.1385,0.039500000000000014,0.8278627080808292,0.1545827633378933,1.4816366553063949,1.4594292064535475,1.5037187004252461,58.79,58.79,7.682127775044901,0.0,False,False,-1,2455
S1_P1_mobility,P1P2,2121129191,200,False,PD_classic,9.0,5.0,1.0,0.0,True,0.0,0.5,100,0,30,0.5,20000,0.0,0.0,1.0,0.0,0.0,0.0,0.0,1.0,0.0,1.5347900906451672,0.0,1.5347900906451672,19.29,19.29,20.369636141495665,0.0,True,True,16000,411
S1_P12_space,P1P2,1620985466,200,False,snowdrift,4.0,3.0,0.0,2.0,True,0.01,0.5,100,0,30,2.0,20000,0.09749999999999999,0.032999999999999995,0.6684999999999999,0.06400000000000002,0.06700000000000002,0.0345,0.0355,0.8411383862321558,0.1497605572485851,1.458468644263352,1.601720226626257,1.4881974287270414,60.49,60.49,7.716458355780786,0.0,False,False,-1,2527
S1_P1_mobility,P1P2,686818433,200,False,PD_classic,9.0,5.0,1.0,0.0,True,0.0,0.5,100,0,30,0.5,20000,0.0,0.0,1.0,0.0,0.0,0.0,0.0,1.0,0.0,1.4851568472109185,0.0,1.4851568472109185,19.22,19.22,20.46440987263322,0.0,True,True,16000,390
S1_P1_mobility,P1P2,744720527,200,False,PD_classic,9.0,5.0,1.0,0.0,True,0.0,0.5,100,0,30,0.5,20000,0.0,0.0,0.9935,0.006500000000000001,0.0,0.0,0.0,0.999685534591195,0.0006042296072507553,1.4925038917135451,0.0,1.4996962068343676,18.86,18.86,20.43730562685247,0.0,False,True,13000,432
S1_P1_mobility,P1P2,381425458,200,False,PD_classic,9.0,5.0,1.0,0.0,True,0.0,0.5,100,0,30,0.5,20000,0.0,0.0,1.0,0.0,0.0,0.0,0.0,1.0,0.0,1.4164980144172077,0.0,1.4164980144172077,18.98,18.98,20.729201016202584,0.0,True,True,14000,392
S1_P1_mobility,P1P2,1620985466,200,False,PD_classic,9.0,5.0,1.0,0.0,True,0.0,0.5,100,0,30,0.5,20000,0.0,0.0,1.0,0.0,0.0,0.0,0.0,1.0,0.0,1.5424521487006644,0.0,1.5424521487006644,20.05,20.05,20.64349278975499,0.0,True,True,16000,470
S1_P1_mobility,P1P2,2121129191,200,False,weak_PD,1.6,1.0,0.0,0.0,True,0.0,0.5,100,0,30,0.5,20000,0.0055,0.0,0.9825000000000002,0.012,0.0,0.0,0.0,0.9917909907299606,0.004036326942482341,0.17204578962044945,0.13465346534653466,0.17523193238431098,19.68,19.68,20.43843597205097,0.0,False,False,-1,825
S1_P1_mobility,P1P2,686818433,200,False,weak_PD,1.6,1.0,0.0,0.0,True,0.0,0.5,100,0,30,0.5,20000,0.008,0.0,0.992,0.0,0.0,0.0,0.0,1.0,0.0,0.19012493771459082,0.12839277658360532,0.189507616103281,19.04,19.04,20.897359607173815,0.0,False,True,20000,685
S1_P1_mobility,P1P2,744720527,200,False,weak_PD,1.6,1.0,0.0,0.0,True,0.0,0.5,100,0,30,0.5,20000,0.017500000000000005,0.0,0.9775000000000003,0.0,0.004999999999999999,0.0,0.0,0.9991830474521098,0.0016129032258064516,0.23450657550182413,0.5174147468716419,0.23788146266321672,19.28,19.28,20.069067155164547,0.0,False,False,-1,862
S1_P1_mobility,P1P2,381425458,200,False,weak_PD,1.6,1.0,0.0,0.0,True,0.0,0.5,100,0,30,0.5,20000,0.0,0.0,0.985,0.0,0.015000000000000003,0.0,0.0,1.0,0.0,0.13933410710712552,0.0,0.14811835877467908,18.95,18.95,21.236186414764983,0.0,False,True,18000,627
S1_P1_mobility,P1P2,1620985466,200,False,weak_PD,1.6,1.0,0.0,0.0,True,0.0,0.5,100,0,30,0.5,20000,0.0075,0.0,0.9875,0.0,0.004999999999999999,0.0,0.0,0.9995151374550517,0.0009689922480620155,0.19277308088747547,0.04786324786324786,0.19393254705933788,20.42,20.42,20.386152452419605,0.0,False,False,-1,774
S1_P1_mobility,P1P2,2121129191,200,False,snowdrift,4.0,3.0,0.0,2.0,True,0.0,0.5,100,0,30,0.5,20000,0.030500000000000006,0.0,0.9244999999999999,0.015500000000000003,0.0,0.029500000000000005,0.0,0.9777898610498242,0.014450867052023121,0.7535120400293573,1.6855119296467842,0.7947977537521821,19.37,19.37,20.55877599826242,0.0,False,False,-1,1017
S1_P1_mobility,P1P2,686818433,200,False,snowdrift,4.0,3.0,0.0,2.0,True,0.0,0.5,100,0,30,0.5,20000,0.024999999999999998,0.0,0.9625,0.004999999999999999,0.0,0.0075000000000000015,0.0,0.9983160599451167,0.003391472868217054,0.679122161106695,1.7819198508223817,0.7133384424231813,19.11,19.11,20.966295783902147,0.0,False,False,-1,892
S1_P1_mobility,P1P2,744720527,200,False,snowdrift,4.0,3.0,0.0,2.0,True,0.0,0.5,100,0,30,0.5,20000,0.014500000000000002,0.0,0.9805000000000001,0.0,0.0,0.004999999999999999,0.0,0.999190453296403,0.001544799176107106,0.7049349911822048,1.4206957413748886,0.7153840156822436,19.43,19.43,20.043668817381675,0.0,False,False,-1,864
S1_P1_mobility,P1P2,381425458,200,False,snowdrift,4.0,3.0,0.0,2.0,True,0.0,0.5,100,0,30,0.5,20000,0.015500000000000003,0.0,0.9739999999999999,0.0,0.0,0.0055,0.004999999999999999,0.9990715532286213,0.002,0.7469294049913644,0.8763110330429821,0.7483474378668635,19.74,19.74,20.177120544373796,0.0,False,False,-1,1010
S1_P1_mobility,P1P2,1620985466,200,False,snowdrift,4.0,3.0,0.0,2.0,True,0.0,0.5,100,0,30,0.5,20000,0.009999999999999998,0.0,0.945,0.0,0.024999999999999994,0.019999999999999997,0.0,0.9919989094753123,0.00864260294865277,0.5693462134886037,1.0096230008257916,0.5805150732838994,21.04,21.04,19.3734281069863,0.0,False,False,-1,756
S1_P1_mobility,P1P2,2121129191,200,False,PD_classic,9.0,5.0,1.0,0.0,True,0.01,0.5,100,0,30,0.5,20000,0.023,0.012,0.873,0.040999999999999995,0.025499999999999995,0.011999999999999999,0.013500000000000002,0.9657448720818117,0.02753441802252816,1.7243603065728805,1.4348025537553049,1.7111408586180508,21.49,21.49,20.072482389960086,0.0,False,False,15000,1250
S1_P1_mobility,P1P2,686818433,200,False,PD_classic,9.0,5.0,1.0,0.0,True,0.01,0.5,100,0,30,0.5,20000,0.025,0.029000000000000005,0.8895,0.030500000000000006,0.01,0.0125,0.0035000000000000005,0.9558438300832741,0.036252354048964215,1.6864069658258558,1.7796445925475781,1.6766557824059676,20.07,20.07,19.98696365897921,0.0,False,False,-1,1133
S1_P1_mobility,P1P2,744720527,200,False,PD_classic,9.0,5.0,1.0,0.0,True,0.01,0.5,100,0,30,0.5,20000,0.015,0.02,0.9049999999999999,0.015,0.022,0.0095,0.013499999999999998,0.9851025570327343,0.029645314981471677,1.6319066840156857,1.3312101910828025,1.61828738558382,20.24,20.24,19.948268909286746,0.0,False,False,-1,1153
S1_P1_mobility,P1P2,381425458,200,False,PD_classic,9.0,5.0,1.0,0.0,True,0.01,0.5,100,0,30,0.5,20000,0.0225,0.010499999999999999,0.8700000000000001,0.040999999999999995,0.022,0.018000000000000002,0.016000000000000004,0.9762497256463977,0.02244788882950294,1.5008784944951246,1.811700067838649,1.4998706078120747,19.95,19.95,20.402541393034568,0.0,False,False,-1,979
S1_P1_mobility,P1P2,1620985466,200,False,PD_classic,9.0,5.0,1.0,0.0,True,0.01,0.5,100,0,30,0.5,20000,0.031000000000000007,0.018,0.8690000000000001,0.010499999999999999,0.042,0.0215,0.008,0.982162491180907,0.033797216699801194,1.807747671674136,1.4852563811159634,1.8141497735416798,19.22,19.22,19.87822325137336,0.0,False,False,-1,1206
S1_P1_mobility,P1P2,2121129191,200,False,weak_PD,1.6,1.0,0.0,0.0,True,0.01,0.5,100,0,30,0.5,20000,0.07150000000000001,0.008500000000000002,0.7655000000000001,0.043500000000000004,0.042499999999999996,0.05299999999999999,0.0155,0.937704875349579,0.05938784833257195,0.22655494156635467,0.22971184598805616,0.2293256494368275,19.59,19.59,21.17961620857618,0.0,False,False,-1,1680
S1_P1_mobility,P1P2,686818433,200,False,weak_PD,1.6,1.0,0.0,0.0,True,0.01,0.5,100,0,30,0.5,20000,0.03799999999999999,0.0155,0.791,0.040999999999999995,0.03300000000000001,0.05149999999999999,0.03,0.943403529136094,0.054337899543379,0.23034157647254414,0.2648123312657128,0.2424460474626178,18.86,18.86,20.655528443542288,0.0,False,False,-1,1509
S1_P1_mobility,P1P2,744720527,200,False,weak_PD,1.6,1.0,0.0,0.0,True,0.01,0.5,100,0,30,0.5,20000,0.0205,0.030500000000000006,0.842,0.0195,0.03250000000000001,0.04349999999999999,0.0115,0.9600692683271953,0.04834849210148397,0.274995911683167,0.18639864984895357,0.2751588326758894,20.09,20.09,19.881822246635096,0.0,False,False,-1,1718
S1_P1_mobility,P1P2,381425458,200,False,weak_PD,1.6,1.0,0.0,0.0,True,0.01,0.5,100,0,30,0.5,20000,0.05099999999999999,0.031000000000000007,0.7390000000000001,0.041499999999999995,0.03500000000000001,0.06300000000000001,0.03949999999999999,0.9085269554582499,0.051833122629582805,0.2762995772460256,0.26058100282360863,0.28736663254995604,19.5,19.5,20.371869308774663,0.0,False,False,-1,1672
S1_P1_mobility,P1P2,1620985466,200,False,weak_PD,1.6,1.0,0.0,0.0,True,0.01,0.5,100,0,30,0.5,20000,0.056499999999999995,0.0195,0.7394999999999999,0.03600000000000001,0.0595,0.05650000000000001,0.03250000000000001,0.8940731613750167,0.03829374697043141,0.2545262628037537,0.2528577505095383,0.2719088747177755,20.69,20.69,19.210480711611424,0.0,False,False,-1,1656
S1_P1_mobility,P1P2,2121129191,200,False,snowdrift,4.0,3.0,0.0,2.0,True,0.01,0.5,100,0,30,0.5,20000,0.0665,0.014500000000000002,0.732,0.08099999999999999,0.039999999999999994,0.0495,0.0165,0.9259275860897691,0.061214249874560964,1.0331943989267092,1.082264070036888,1.0329884565038978,19.67,19.67,20.813621793491812,0.0,False,True,20000,1775
S1_P1_mobility,P1P2,686818433,200,False,snowdrift,4.0,3.0,0.0,2.0,True,0.01,0.5,100,0,30,0.5,20000,0.101,0.0185,0.704,0.05750000000000001,0.029000000000000005,0.06999999999999999,0.019999999999999997,0.909653017428924,0.04954954954954955,1.0587304255676195,0.9727973448288075,1.079133738405347,19.49,19.49,20.03512617188271,0.0,False,False,-1,1723
S1_P1_mobility,P1P2,744720527,200,False,snowdrift,4.0,3.0,0.0,2.0,True,0.01,0.5,100,0,30,0.5,20000,0.041499999999999995,0.013500000000000002,0.7414999999999999,0.09899999999999999,0.040499999999999994,0.03150000000000001,0.03250000000000001,0.8910321419427369,0.0828941063727839,0.9105863115821387,0.7035463702662731,0.9471263859126503,19.75,19.75,19.888302382040532,0.0,False,False,-1,1714
S1_P1_mobility,P1P2,381425458,200,False,snowdrift,4.0,3.0,0.0,2.0,True,0.01,0.5,100,0,30,0.5,20000,0.0635,0.0445,0.7645,0.048499999999999995,0.053000000000000005,0.026000000000000002,0.0,0.87533444240245,0.050445103857566766,0.9990642910037442,1.15983570650425,1.0337343572372506,19.16,19.16,20.174540723919954,0.0,False,False,-1,1777
S1_P1_mobility,P1P2,1620985466,200,False,snowdrift,4.0,3.0,0.0,2.0,True,0.01,0.5,100,0,30,0.5,20000,0.03400000000000001,0.031000000000000007,0.7070000000000001,0.1105,0.06949999999999999,0.041999999999999996,0.006,0.8232861512065032,0.06768687463213655,0.9293908728002497,0.6890264387436988,0.9404123854895392,20.1,20.1,19.387657539651926,0.0,False,False,-1,1701
S1_P1_mobility,P1P2,2121129191,200,False,PD_classic,9.0,5.0,1.0,0.0,True,0.0,0.5,100,0,30,0.1,20000,0.05800000000000001,0.019999999999999997,0.7949999999999999,0.03800000000000001,0.030000000000000006,0.048999999999999995,0.009999999999999998,0.9346752603303067,0.0020891364902506965,1.941144048776229,4.715183752417794,2.537250345403962,5.25,5.25,74.68291151903651,0.0,False,False,-1,462
S1_P1_mobility,P1P2,686818433,200,False,PD_classic,9.0,5.0,1.0,0.0,True,0.0,0.5,100,0,30,0.1,20000,0.027499999999999997,0.029500000000000005,0.7975,0.03750000000000001,0.07250000000000001,0.03200000000000001,0.0035000000000000005,0.8704777772031205,0.004752851711026616,1.9154696651900773,4.689188464118042,2.4717019836585403,5.42,5.42,74.36972379937207,0.0,False,False,-1,412
S1_P1_mobility,P1P2,744720527,200,False,PD_classic,9.0,5.0,1.0,0.0,True,0.0,0.5,100,0,30,0.1,20000,0.03799999999999999,0.008500000000000002,0.8965,0.024999999999999998,0.008500000000000002,0.0034999999999999996,0.019999999999999997,0.9476610198152253,0.004832863471606927,1.9080079790538413,5.0,2.1879503207192865,4.79,4.79,71.5463607940881,0.0,False,False,-1,345
S1_P1_mobility,P1P2,381425458,200,False,PD_classic,9.0,5.0,1.0,0.0,True,0.0,0.5,100,0,30,0.1,20000,0.0,0.023999999999999997,0.8835,0.022499999999999996,0.04499999999999999,0.009999999999999998,0.015000000000000003,0.940723672227062,0.003656307129798903,2.124451901843746,0.0,2.4182996947535416,4.96,4.96,74.873980424738,0.0,False,False,-1,402
S1_P1_mobility,P1P2,1620985466,200,False,PD_classic,9.0,5.0,1.0,0.0,True,0.0,0.5,100,0,30,0.1,20000,0.004999999999999999,0.036,0.8354999999999999,0.0235,0.05700000000000001,0.004999999999999999,0.03800000000000001,0.8937156975916446,0.008234688625836336,1.7820203476906458,3.542713567839196,2.2429959479377373,5.36,5.36,73.52049569637511,0.0,False,False,-1,425
S1_P1_mobility,P1P2,686818433,200,False,weak_PD,1.6,1.0,0.0,0.0,True,0.0,0.5,100,0,30,0.1,20000,0.146,0.004999999999999999,0.6420000000000001,0.047499999999999994,0.0455,0.06899999999999999,0.045000000000000005,0.8615634429394005,0.023297491039426525,0.34187026680595783,0.850375809491989,0.5098511087006796,5.07,5.07,73.58675182841851,0.0,False,False,-1,594
S1_P1_mobility,P1P2,2121129191,200,False,weak_PD,1.6,1.0,0.0,0.0,True,0.0,0.5,100,0,30,0.1,20000,0.07899999999999999,0.015000000000000003,0.6170000000000001,0.049999999999999996,0.05800000000000001,0.07150000000000001,0.1095,0.8572598306544907,0.008056872037914692,0.3286105753131948,0.7442513079144512,0.5000606445036463,5.32,5.32,71.03487680375183,0.0,False,False,-1,609
S1_P1_mobility,P1P2,744720527,200,False,weak_PD,1.6,1.0,0.0,0.0,True,0.0,0.5,100,0,30,0.1,20000,0.06100000000000001,0.03800000000000001,0.636,0.03150000000000001,0.11850000000000001,0.0665,0.048499999999999995,0.764704128043104,0.012615643397813289,0.2416087749972795,0.5960877690680177,0.4351711854507229,5.38,5.38,75.37987496869408,0.0,False,False,-1,604
S1_P1_mobility,P1P2,381425458,200,False,weak_PD,1.6,1.0,0.0,0.0,True,0.0,0.5,100,0,30,0.1,20000,0.07499999999999998,0.008000000000000002,0.66,0.09049999999999998,0.027000000000000003,0.1145,0.024999999999999998,0.7365911153232363,0.013172966781214204,0.25450964648965957,0.771974283018299,0.42119037028706424,5.03,5.03,71.88056876122204,0.0,False,False,-1,532
S1_P1_mobility,P1P2,1620985466,200,False,weak_PD,1.6,1.0,0.0,0.0,True,0.0,0.5,100,0,30,0.1,20000,0.08499999999999999,0.015000000000000003,0.6815,0.030000000000000006,0.048999999999999995,0.11949999999999998,0.019999999999999997,0.8376150322422621,0.002670940170940171,0.2791484310060213,0.6477890462398804,0.4381302173224022,5.11,5.11,73.2306125356125,0.0,False,False,-1,580
S1_P1_mobility,P1P2,2121129191,200,False,snowdrift,4.0,3.0,0.0,2.0,True,0.0,0.5,100,0,30,0.1,20000,0.10300000000000001,0.05450000000000001,0.5774999999999999,0.06499999999999999,0.07250000000000001,0.08449999999999999,0.043,0.6848620751394316,0.003918495297805642,0.9477315966662688,1.560133210703905,1.5541455043975627,5.69,5.69,72.94949802974799,0.0,False,False,-1,646
S1_P1_mobility,P1P2,686818433,200,False,snowdrift,4.0,3.0,0.0,2.0,True,0.0,0.5,100,0,30,0.1,20000,0.12349999999999998,0.11200000000000002,0.4025,0.08399999999999999,0.09949999999999999,0.1105,0.06799999999999999,0.5644766292946485,0.033134166214014125,0.9432719582072363,2.4214484261803335,1.8952722720805075,5.16,5.16,81.94125787668499,0.0,False,False,-1,664
S1_P1_mobility,P1P2,744720527,200,False,snowdrift,4.0,3.0,0.0,2.0,True,0.0,0.5,100,0,30,0.1,20000,0.051500000000000004,0.03250000000000001,0.618,0.03200000000000001,0.05750000000000001,0.1885,0.019999999999999997,0.616739861083669,0.009673518742442563,0.7210034784641262,1.8038870152456226,1.3812714589150195,5.11,5.11,73.89293309984264,0.0,False,False,-1,512
S1_P1_mobility,P1P2,381425458,200,False,snowdrift,4.0,3.0,0.0,2.0,True,0.0,0.5,100,0,30,0.1,20000,0.06499999999999999,0.017500000000000005,0.6395000000000002,0.12550000000000003,0.061999999999999986,0.0665,0.023999999999999997,0.8374395556466314,0.0188556566970091,1.0592304400293542,2.2917653170499177,1.4741417013396947,5.28,5.28,74.1383270972467,0.0,False,False,-1,564
S1_P1_mobility,P1P2,1620985466,200,False,snowdrift,4.0,3.0,0.0,2.0,True,0.0,0.5,100,0,30,0.1,20000,0.05499999999999999,0.06399999999999999,0.5045,0.1425,0.09849999999999999,0.1105,0.024999999999999998,0.7259396693919425,0.013501350135013501,0.7641545791345485,2.1189933120548763,1.6427870878997044,4.94,4.94,72.45197578803106,0.0,False,False,-1,568
S1_P1_mobility,P1P2,2121129191,200,False,PD_classic,9.0,5.0,1.0,0.0,True,0.01,0.5,100,0,30,0.1,20000,0.060999999999999985,0.06549999999999999,0.5555000000000001,0.10049999999999999,0.09299999999999999,0.08349999999999999,0.040999999999999995,0.7771774847402397,0.031203007518796993,2.1586139556210484,3.0600441279247277,2.8101559502031885,4.99,4.99,72.59988095238094,0.0,False,False,-1,945
S1_P1_mobility,P1P2,686818433,200,False,PD_classic,9.0,5.0,1.0,0.0,True,0.01,0.5,100,0,30,0.1,20000,0.08749999999999998,0.06999999999999999,0.6265,0.03600000000000001,0.07000000000000002,0.08449999999999998,0.025500000000000002,0.891644970862312,0.011204481792717087,2.2645227266504335,3.4982971517277854,2.624664651901077,5.45,5.45,75.0945243896249,0.0,False,False,-1,1022
S1_P1_mobility,P1P2,744720527,200,False,PD_classic,9.0,5.0,1.0,0.0,True,0.01,0.5,100,0,30,0.1,20000,0.05399999999999999,0.026499999999999996,0.66,0.03200000000000001,0.07799999999999999,0.088,0.06150000000000001,0.838807578256942,0.010947368421052631,2.3677353710270777,4.017477439710899,2.7973003463164763,5.02,5.02,69.67695256132755,0.0,False,False,-1,1035
S1_P1_mobility,P1P2,381425458,200,False,PD_classic,9.0,5.0,1.0,0.0,True,0.01,0.5,100,0,30,0.1,20000,0.0915,0.031000000000000007,0.6065,0.04499999999999999,0.08399999999999999,0.06299999999999999,0.07899999999999999,0.8018681139229973,0.021511017838405037,2.073408853602178,2.9208073824153935,2.445122924295366,5.19,5.19,75.87454135758155,0.0,False,False,-1,949
S1_P1_mobility,P1P2,1620985466,200,False,PD_classic,9.0,5.0,1.0,0.0,True,0.01,0.5,100,0,30,0.1,20000,0.123,0.06500000000000002,0.608,0.0315,0.05900000000000001,0.082,0.03150000000000001,0.7694451862262106,0.018590998043052837,2.2186935804030052,2.3167270542129534,2.4549564300352356,5.11,5.11,71.30575097710775,0.0,False,False,-1,1045
S1_P1_mobility,P1P2,2121129191,200,False,weak_PD,1.6,1.0,0.0,0.0,True,0.01,0.5,100,0,30,0.1,20000,0.10200000000000001,0.05800000000000001,0.4015000000000001,0.13400000000000004,0.13,0.101,0.07349999999999998,0.6844447996127719,0.029526029526029528,0.4299697899841972,0.48370172384392895,0.5404552824690668,5.26,5.26,68.98716414796817,0.0,False,False,-1,1132
S1_P1_mobility,P1P2,686818433,200,False,weak_PD,1.6,1.0,0.0,0.0,True,0.01,0.5,100,0,30,0.1,20000,0.1375,0.06600000000000002,0.3845,0.11200000000000002,0.09749999999999999,0.1275,0.07499999999999998,0.5982137995308352,0.05254648342764753,0.33593601673149703,0.6319758926794427,0.5104192921007297,4.85,4.85,75.614961996337,0.0,False,False,-1,1099
S1_P1_mobility,P1P2,744720527,200,False,weak_PD,1.6,1.0,0.0,0.0,True,0.01,0.5,100,0,30,0.1,20000,0.1725,0.09649999999999999,0.32699999999999996,0.1315,0.06050000000000001,0.13200000000000003,0.07999999999999999,0.4936298390612121,0.058990760483297794,0.44733431044316907,0.6600299013684149,0.575810133312401,4.76,4.76,75.73161062834428,0.0,False,False,-1,1190
S1_P1_mobility,P1P2,381425458,200,False,weak_PD,1.6,1.0,0.0,0.0,True,0.01,0.5,100,0,30,0.1,20000,0.118,0.101,0.37650000000000006,0.146,0.06300000000000001,0.12900000000000003,0.0665,0.6298828705959487,0.029296875,0.4731066340627057,0.5830413932305295,0.585930647637649,5.27,5.27,72.27869485280652,0.0,False,False,-1,1198
S1_P1_mobility,P1P2,1620985466,200,False,weak_PD,1.6,1.0,0.0,0.0,True,0.01,0.5,100,0,30,0.1,20000,0.08049999999999999,0.029000000000000005,0.5145000000000001,0.074,0.125,0.06400000000000002,0.11299999999999999,0.8227059660357126,0.027763755678950026,0.425763330886161,0.5658756339862844,0.5222674985160275,5.09,5.09,71.01822925685424,0.0,False,False,-1,1040
S1_P1_mobility,P1P2,2121129191,200,False,snowdrift,4.0,3.0,0.0,2.0,True,0.01,0.5,100,0,30,0.1,20000,0.144,0.05850000000000001,0.4669999999999999,0.0615,0.11549999999999998,0.08949999999999998,0.064,0.648239535719572,0.03293084522502744,1.327440880183304,1.710899056298306,1.7459005686361058,5.41,5.41,77.98919264069261,0.0,False,False,-1,1235
S1_P1_mobility,P1P2,686818433,200,False,snowdrift,4.0,3.0,0.0,2.0,True,0.01,0.5,100,0,30,0.1,20000,0.09899999999999999,0.05499999999999999,0.36000000000000004,0.08899999999999998,0.10900000000000001,0.167,0.121,0.591003298418266,0.022157434402332362,1.2030050463005542,1.9963046269537512,1.7072962978899076,4.78,4.78,77.2325718923933,0.0,False,False,-1,1108
S1_P1_mobility,P1P2,744720527,200,False,snowdrift,4.0,3.0,0.0,2.0,True,0.01,0.5,100,0,30,0.1,20000,0.139,0.058499999999999996,0.4685,0.07949999999999999,0.146,0.055999999999999994,0.05249999999999999,0.5992087312489001,0.027281746031746032,1.282826210598664,1.8713737981217882,1.548458063367263,5.02,5.02,72.01247194163858,0.0,False,False,-1,1162
S1_P1_mobility,P1P2,381425458,200,False,snowdrift,4.0,3.0,0.0,2.0,True,0.01,0.5,100,0,30,0.1,20000,0.123,0.09499999999999999,0.47750000000000004,0.06899999999999999,0.07549999999999998,0.1055,0.05449999999999999,0.7033235539406524,0.08416130917592052,1.264644845736116,1.7667914452961822,1.619543278327371,5.38,5.38,71.94939989177486,0.0,False,False,-1,1148
S1_P1_mobility,P1P2,1620985466,200,False,snowdrift,4.0,3.0,0.0,2.0,True,0.01,0.5,100,0,30,0.1,20000,0.2185,0.055499999999999994,0.36499999999999994,0.05650000000000001,0.13000000000000003,0.09949999999999999,0.07499999999999998,0.5424523083245297,0.02157920549288867,1.3646321123074923,1.9557476294192118,1.686750771538989,5.27,5.27,75.55319011220027,0.0,False,False,-1,1145
S1_P3_space,P3,2121129191,200,False,PD_classic,9.0,5.0,1.0,0.0,False,0.0,0.5,100,0,30,2.0,20000,0.7999999999999999,0.0,0.19999999999999998,0.0,0.0,0.0,0.0,0.330676121868205,0.03234880450070324,1.8644711202874484,4.163066414032478,3.703347355283472,59.79,59.79,7.607308421874097,0.0,False,False,-1,0
S1_P3_space,P3,686818433,200,False,PD_classic,9.0,5.0,1.0,0.0,False,0.0,0.5,100,0,30,2.0,20000,0.7999999999999999,0.0,0.19999999999999998,0.0,0.0,0.0,0.0,0.3438922332263158,0.03130841121495327,1.8422888580027872,4.183713849280748,3.7154288510251567,58.12,58.12,7.9571889332514845,0.0,False,False,-1,0
S1_P3_space,P3,744720527,200,False,PD_classic,9.0,5.0,1.0,0.0,False,0.0,0.5,100,0,30,2.0,20000,0.7999999999999999,0.0,0.19999999999999998,0.0,0.0,0.0,0.0,0.3004661283115091,0.02483598875351453,1.8415791995736994,4.208695189366754,3.735271991408143,59.69,59.69,7.675009932856031,0.0,False,False,11000,0
S1_P3_space,P3,381425458,200,False,PD_classic,9.0,5.0,1.0,0.0,False,0.0,0.5,100,0,30,2.0,20000,0.7999999999999999,0.0,0.19999999999999998,0.0,0.0,0.0,0.0,0.3352873764488215,0.029333333333333333,1.8401597505238574,4.13112503999141,3.6729319820979005,59.82,59.82,7.639340066873482,0.0,False,False,-1,0
S1_P3_space,P3,1620985466,200,False,PD_classic,9.0,5.0,1.0,0.0,False,0.0,0.5,100,0,30,2.0,20000,0.7999999999999999,0.0,0.19999999999999998,0.0,0.0,0.0,0.0,0.32844442174114763,0.0343558282208589,1.8337050631198468,4.219282457839268,3.742166978895383,60.31,60.31,7.75273901526763,0.0,False,False,-1,0
S1_P3_space,P3,2121129191,200,False,weak_PD,1.6,1.0,0.0,0.0,False,0.0,0.5,100,0,30,2.0,20000,0.7999999999999999,0.0,0.19999999999999998,0.0,0.0,0.0,0.0,0.330676121868205,0.03234880450070324,0.17289422405748966,0.7976025883045171,0.6726609154551115,59.79,59.79,7.607308421874097,0.0,False,False,-1,0
S1_P3_space,P3,686818433,200,False,weak_PD,1.6,1.0,0.0,0.0,False,0.0,0.5,100,0,30,2.0,20000,0.7999999999999999,0.0,0.19999999999999998,0.0,0.0,0.0,0.0,0.3438922332263158,0.03130841121495327,0.16845777160055747,0.8023589398813897,0.6755787062252232,58.12,58.12,7.9571889332514845,0.0,False,False,-1,0
S1_P3_space,P3,744720527,200,False,weak_PD,1.6,1.0,0.0,0.0,False,0.0,0.5,100,0,30,2.0,20000,0.7999999999999999,0.0,0.19999999999999998,0.0,0.0,0.0,0.0,0.3004661283115091,0.02483598875351453,0.16831583991473992,0.8084796309451157,0.6804468727390399,59.69,59.69,7.675009932856031,0.0,False,False,11000,0
S1_P3_space,P3,381425458,200,False,weak_PD,1.6,1.0,0.0,0.0,False,0.0,0.5,100,0,30,2.0,20000,0.7999999999999999,0.0,0.19999999999999998,0.0,0.0,0.0,0.0,0.3352873764488215,0.029333333333333333,0.1680319501047713,0.7896618820009292,0.6653358956216977,59.82,59.82,7.639340066873482,0.0,False,False,-1,0
S1_P3_space,P3,1620985466,200,False,weak_PD,1.6,1.0,0.0,0.0,False,0.0,0.5,100,0,30,2.0,20000,0.7999999999999999,0.0,0.19999999999999998,0.0,0.0,0.0,0.0,0.32844442174114763,0.0343558282208589,0.16674101262396945,0.8113293801640495,0.6824117066560336,60.31,60.31,7.75273901526763,0.0,False,False,-1,0
S1_P3_space,P3,2121129191,200,False,snowdrift,4.0,3.0,0.0,2.0,False,0.0,0.5,100,0,30,2.0,20000,0.7999999999999999,0.0,0.19999999999999998,0.0,0.0,0.0,0.0,0.330676121868205,0.03234880450070324,0.4322355601437242,2.447495643284732,2.0444436266565305,59.79,59.79,7.607308421874097,0.0,False,False,-1,0
S1_P3_space,P3,686818433,200,False,snowdrift,4.0,3.0,0.0,2.0,False,0.0,0.5,100,0,30,2.0,20000,0.7999999999999999,0.0,0.19999999999999998,0.0,0.0,0.0,0.0,0.3438922332263158,0.03130841121495327,0.42114442900139365,2.458520640133796,2.0510453979073158,58.12,58.12,7.9571889332514845,0.0,False,False,-1,0
S1_P3_space,P3,744720527,200,False,snowdrift,4.0,3.0,0.0,2.0,False,0.0,0.5,100,0,30,2.0,20000,0.7999999999999999,0.0,0.19999999999999998,0.0,0.0,0.0,0.0,0.3004661283115091,0.02483598875351453,0.42078959978684966,2.4758855616627695,2.0648663692875857,59.69,59.69,7.675009932856031,0.0,False,False,11000,0
S1_P3_space,P3,381425458,200,False,snowdrift,4.0,3.0,0.0,2.0,False,0.0,0.5,100,0,30,2.0,20000,0.7999999999999999,0.0,0.19999999999999998,0.0,0.0,0.0,0.0,0.3352873764488215,0.029333333333333333,0.42007987526192836,2.4240306220273977,2.0232404726743045,59.82,59.82,7.639340066873482,0.0,False,False,-1,0
S1_P3_space,P3,1620985466,200,False,snowdrift,4.0,3.0,0.0,2.0,False,0.0,0.5,100,0,30,2.0,20000,0.7999999999999999,0.0,0.19999999999999998,0.0,0.0,0.0,0.0,0.32844442174114763,0.0343558282208589,0.41685253155992374,2.486058266126005,2.0722171192127883,60.31,60.31,7.75273901526763,0.0,False,False,-1,0
S1_P3_space,P3,2121129191,200,False,PD_classic,9.0,5.0,1.0,0.0,False,0.0,0.5,100,5,30,2.0,20000,0.7999999999999999,0.0,0.19999999999999998,0.0,0.0,0.0,0.0,0.3159484379927092,0.061415846225972806,2.2794807565092134,4.150037859871165,3.775926439198774,5.0,59.79,7.607308421874097,1.0,False,False,-1,0
S1_P3_space,P3,686818433,200,False,PD_classic,9.0,5.0,1.0,0.0,False,0.0,0.5,100,5,30,2.0,20000,0.7999999999999999,0.0,0.19999999999999998,0.0,0.0,0.0,0.0,0.3278739116108791,0.06355140186915888,2.2537138000474712,4.171124314584179,3.7876422116768373,5.0,58.12,7.9571889332514845,1.0,False,False,-1,0
S1_P3_space,P3,744720527,200,False,PD_classic,9.0,5.0,1.0,0.0,False,0.0,0.5,100,5,30,2.0,20000,0.7999999999999999,0.0,0.19999999999999998,0.0,0.0,0.0,0.0,0.28605394466082873,0.05388940955951265,2.248373074217499,4.196487486736498,3.806864604232698,5.0,59.69,7.675009932856031,1.0,False,False,15000,0
S1_P3_space,P3,381425458,200,False,PD_classic,9.0,5.0,1.0,0.0,False,0.0,0.5,100,5,30,2.0,20000,0.7999999999999999,0.0,0.19999999999999998,0.0,0.0,0.0,0.0,0.32162591645663385,0.05688888888888889,2.259864790395215,4.117632931425027,3.7460793032190636,5.0,59.82,7.639340066873482,1.0,False,False,-1,0
S1_P3_space,P3,1620985466,200,False,PD_classic,9.0,5.0,1.0,0.0,False,0.0,0.5,100,5,30,2.0,20000,0.7999999999999999,0.0,0.19999999999999998,0.0,0.0,0.0,0.0,0.3162231816571942,0.05848670756646217,2.2492021115419325,4.20650641283088,3.8150455525730878,5.0,60.31,7.75273901526763,1.0,False,False,-1,0
S1_P3_space,P3,2121129191,200,False,weak_PD,1.6,1.0,0.0,0.0,False,0.0,0.5,100,5,30,2.0,20000,0.7999999999999999,0.0,0.19999999999999998,0.0,0.0,0.0,0.0,0.3159484379927092,0.061415846225972806,0.2558961513018424,0.7976025883045171,0.6892613009039821,5.0,59.79,7.607308421874097,1.0,False,False,-1,0
S1_P3_space,P3,686818433,200,False,weak_PD,1.6,1.0,0.0,0.0,False,0.0,0.5,100,5,30,2.0,20000,0.7999999999999999,0.0,0.19999999999999998,0.0,0.0,0.0,0.0,0.3278739116108791,0.06355140186915888,0.2507427600094939,0.8023589398813897,0.6920357039070106,5.0,58.12,7.9571889332514845,1.0,False,False,-1,0
S1_P3_space,P3,744720527,200,False,weak_PD,1.6,1.0,0.0,0.0,False,0.0,0.5,100,5,30,2.0,20000,0.7999999999999999,0.0,0.19999999999999998,0.0,0.0,0.0,0.0,0.28605394466082873,0.05388940955951265,0.24967461484349968,0.8084796309451157,0.6967186277247925,5.0,59.69,7.675009932856031,1.0,False,False,15000,0
S1_P3_space,P3,381425458,200,False,weak_PD,1.6,1.0,0.0,0.0,False,0.0,0.5,100,5,30,2.0,20000,0.7999999999999999,0.0,0.19999999999999998,0.0,0.0,0.0,0.0,0.32162591645663385,0.05688888888888889,0.2519729580790426,0.7896618820009292,0.682124097216552,5.0,59.82,7.639340066873482,1.0,False,False,-1,0
S1_P3_space,P3,1620985466,200,False,weak_PD,1.6,1.0,0.0,0.0,False,0.0,0.5,100,5,30,2.0,20000,0.7999999999999999,0.0,0.19999999999999998,0.0,0.0,0.0,0.0,0.3162231816571942,0.05848670756646217,0.24984042230838638,0.8113293801640495,0.6990315885929167,5.0,60.31,7.75273901526763,1.0,False,False,-1,0
S1_P3_space,P3,2121129191,200,False,snowdrift,4.0,3.0,0.0,2.0,False,0.0,0.5,100,5,30,2.0,20000,0.7999999999999999,0.0,0.19999999999999998,0.0,0.0,0.0,0.0,0.3159484379927092,0.061415846225972806,0.6397403782546068,2.473552751607359,2.1067902769368088,5.0,59.79,7.607308421874097,1.0,False,False,-1,0
S1_P3_space,P3,686818433,200,False,snowdrift,4.0,3.0,0.0,2.0,False,0.0,0.5,100,5,30,2.0,20000,0.7999999999999999,0.0,0.19999999999999998,0.0,0.0,0.0,0.0,0.3278739116108791,0.06355140186915888,0.6268569000237356,2.483699709526935,2.1123311476262954,5.0,58.12,7.9571889332514845,1.0,False,False,-1,0
S1_P3_space,P3,744720527,200,False,snowdrift,4.0,3.0,0.0,2.0,False,0.0,0.5,100,5,30,2.0,20000,0.7999999999999999,0.0,0.19999999999999998,0.0,0.0,0.0,0.0,0.28605394466082873,0.05388940955951265,0.6241865371087498,2.5003009669232763,2.125078080960371,5.0,59.69,7.675009932856031,1.0,False,False,15000,0
S1_P3_space,P3,381425458,200,False,snowdrift,4.0,3.0,0.0,2.0,False,0.0,0.5,100,5,30,2.0,20000,0.7999999999999999,0.0,0.19999999999999998,0.0,0.0,0.0,0.0,0.32162591645663385,0.05688888888888889,0.6299323951976074,2.451014839160168,2.0867983503676553,5.0,59.82,7.639340066873482,1.0,False,False,-1,0
S1_P3_space,P3,1620985466,200,False,snowdrift,4.0,3.0,0.0,2.0,False,0.0,0.5,100,5,30,2.0,20000,0.7999999999999999,0.0,0.19999999999999998,0.0,0.0,0.0,0.0,0.3162231816571942,0.05848670756646217,0.6246010557709667,2.511610356142788,2.134208496068422,5.0,60.31,7.75273901526763,1.0,False,False,-1,0
S1_P3_space,P3,2121129191,200,False,PD_classic,9.0,5.0,1.0,0.0,False,0.0,0.5,100,15,30,2.0,20000,0.7999999999999999,0.0,0.19999999999999998,0.0,0.0,0.0,0.0,0.32205722487905536,0.04922644163150492,2.032377463821287,4.157855019221317,3.732759508141311,15.0,59.79,7.607308421874097,1.0,False,False,-1,0
S1_P3_space,P3,686818433,200,False,PD_classic,9.0,5.0,1.0,0.0,False,0.0,0.5,100,15,30,2.0,20000,0.7999999999999999,0.0,0.19999999999999998,0.0,0.0,0.0,0.0,0.3362805698807618,0.04719626168224299,2.0054364548042254,4.178735907434661,3.744076016908574,15.0,58.12,7.9571889332514845,1.0,False,False,-1,0
S1_P3_space,P3,744720527,200,False,PD_classic,9.0,5.0,1.0,0.0,False,0.0,0.5,100,15,30,2.0,20000,0.7999999999999999,0.0,0.19999999999999998,0.0,0.0,0.0,0.0,0.29424702704513483,0.03748828491096532,2.0073246446346618,4.203732824890768,3.764451188839548,15.0,59.69,7.675009932856031,1.0,False,False,15000,0
S1_P3_space,P3,381425458,200,False,PD_classic,9.0,5.0,1.0,0.0,False,0.0,0.5,100,15,30,2.0,20000,0.7999999999999999,0.0,0.19999999999999998,0.0,0.0,0.0,0.0,0.3275604315075756,0.04488888888888889,2.0264086515058186,4.125129115957725,3.7053850230673437,15.0,59.82,7.639340066873482,1.0,False,False,-1,0
S1_P3_space,P3,1620985466,200,False,PD_classic,9.0,5.0,1.0,0.0,False,0.0,0.5,100,15,30,2.0,20000,0.7999999999999999,0.0,0.19999999999999998,0.0,0.0,0.0,0.0,0.3222798272013275,0.04621676891615542,2.0018633828927297,4.214142651223493,3.77168679755734,15.0,60.31,7.75273901526763,1.0,False,False,-1,0
S1_P3_space,P3,2121129191,200,False,weak_PD,1.6,1.0,0.0,0.0,False,0.0,0.5,100,15,30,2.0,20000,0.7999999999999999,0.0,0.19999999999999998,0.0,0.0,0.0,0.0,0.32205722487905536,0.04922644163150492,0.20647549276425736,0.7976025883045171,0.6793771691964655,15.0,59.79,7.607308421874097,1.0,False,False,-1,0
S1_P3_space,P3,686818433,200,False,weak_PD,1.6,1.0,0.0,0.0,False,0.0,0.5,100,15,30,2.0,20000,0.7999999999999999,0.0,0.19999999999999998,0.0,0.0,0.0,0.0,0.3362805698807618,0.04719626168224299,0.20108729096084488,0.8023589398813897,0.6821046100972805,15.0,58.12,7.9571889332514845,1.0,False,False,-1,0
S1_P3_space,P3,744720527,200,False,weak_PD,1.6,1.0,0.0,0.0,False,0.0,0.5,100,15,30,2.0,20000,0.7999999999999999,0.0,0.19999999999999998,0.0,0.0,0.0,0.0,0.29424702704513483,0.03748828491096532,0.20146492892693216,0.8084796309451157,0.6870766905414789,15.0,59.69,7.675009932856031,1.0,False,False,15000,0
S1_P3_space,P3,381425458,200,False,weak_PD,1.6,1.0,0.0,0.0,False,0.0,0.5,100,15,30,2.0,20000,0.7999999999999999,0.0,0.19999999999999998,0.0,0.0,0.0,0.0,0.3275604315075756,0.04488888888888889,0.20528173030116365,0.7896618820009292,0.6727858516609757,15.0,59.82,7.639340066873482,1.0,False,False,-1,0
S1_P3_space,P3,1620985466,200,False,weak_PD,1.6,1.0,0.0,0.0,False,0.0,0.5,100,15,30,2.0,20000,0.7999999999999999,0.0,0.19999999999999998,0.0,0.0,0.0,0.0,0.3222798272013275,0.04621676891615542,0.20037267657854582,0.8113293801640495,0.689138039446949,15.0,60.31,7.75273901526763,1.0,False,False,-1,0
S1_P3_space,P3,2121129191,200,False,snowdrift,4.0,3.0,0.0,2.0,False,0.0,0.5,100,15,30,2.0,20000,0.7999999999999999,0.0,0.19999999999999998,0.0,0.0,0.0,0.0,0.32205722487905536,0.04922644163150492,0.5161887319106438,2.457918432907057,2.0695724927077745,15.0,59.79,7.607308421874097,1.0,False,False,-1,0
S1_P3_space,P3,686818433,200,False,snowdrift,4.0,3.0,0.0,2.0,False,0.0,0.5,100,15,30,2.0,20000,0.7999999999999999,0.0,0.19999999999999998,0.0,0.0,0.0,0.0,0.3362805698807618,0.04719626168224299,0.5027182274021125,2.468476523825967,2.075324864541196,15.0,58.12,7.9571889332514845,1.0,False,False,-1,0
S1_P3_space,P3,744720527,200,False,snowdrift,4.0,3.0,0.0,2.0,False,0.0,0.5,100,15,30,2.0,20000,0.7999999999999999,0.0,0.19999999999999998,0.0,0.0,0.0,0.0,0.29424702704513483,0.03748828491096532,0.5036623223173308,2.4858102906147423,2.089380696955261,15.0,59.69,7.675009932856031,1.0,False,False,15000,0
S1_P3_space,P3,381425458,200,False,snowdrift,4.0,3.0,0.0,2.0,False,0.0,0.5,100,15,30,2.0,20000,0.7999999999999999,0.0,0.19999999999999998,0.0,0.0,0.0,0.0,0.3275604315075756,0.04488888888888889,0.5132043257529095,2.4360224700947715,2.0514588412263994,15.0,59.82,7.639340066873482,1.0,False,False,-1,0
S1_P3_space,P3,1620985466,200,False,snowdrift,4.0,3.0,0.0,2.0,False,0.0,0.5,100,15,30,2.0,20000,0.7999999999999999,0.0,0.19999999999999998,0.0,0.0,0.0,0.0,0.3222798272013275,0.04621676891615542,0.500931691446365,2.4963378793575584,2.0972566417753193,15.0,60.31,7.75273901526763,1.0,False,False,-1,0
S1_P3_space,P3,2121129191,200,False,PD_classic,9.0,5.0,1.0,0.0,False,0.0,0.5,100,50,30,2.0,20000,0.7999999999999999,0.0,0.19999999999999998,0.0,0.0,0.0,0.0,0.32893378049036437,0.03563056727613689,1.8784700138309076,4.162649838794792,3.705813873802014,48.97,59.79,7.607308421874097,0.79,False,False,-1,0
S1_P3_space,P3,686818433,200,False,PD_classic,9.0,5.0,1.0,0.0,False,0.0,0.5,100,50,30,2.0,20000,0.7999999999999999,0.0,0.19999999999999998,0.0,0.0,0.0,0.0,0.3432671073712203,0.03271028037383177,1.849135404386199,4.18350882504686,3.7166341409147297,48.985,58.12,7.9571889332514845,0.805,False,False,-1,0
S1_P3_space,P3,744720527,200,False,PD_classic,9.0,5.0,1.0,0.0,False,0.0,0.5,100,50,30,2.0,20000,0.7999999999999999,0.0,0.19999999999999998,0.0,0.0,0.0,0.0,0.29956599505785986,0.026710402999062792,1.8504810430125995,4.208431984343854,3.7368417960776026,48.95,59.69,7.675009932856031,0.815,False,False,11000,0
S1_P3_space,P3,381425458,200,False,PD_classic,9.0,5.0,1.0,0.0,False,0.0,0.5,100,50,30,2.0,20000,0.7999999999999999,0.0,0.19999999999999998,0.0,0.0,0.0,0.0,0.33427744073312327,0.03155555555555556,1.8488414385367893,4.130862580669639,3.67445835224307,49.07,59.82,7.639340066873482,0.825,False,False,-1,0
S1_P3_space,P3,1620985466,200,False,PD_classic,9.0,5.0,1.0,0.0,False,0.0,0.5,100,50,30,2.0,20000,0.7999999999999999,0.0,0.19999999999999998,0.0,0.0,0.0,0.0,0.3273083064451833,0.03640081799591002,1.842768043158739,4.219014792666946,3.743765442765303,49.25,60.31,7.75273901526763,0.845,False,False,-1,0
S1_P3_space,P3,2121129191,200,False,weak_PD,1.6,1.0,0.0,0.0,False,0.0,0.5,100,50,30,2.0,20000,0.7999999999999999,0.0,0.19999999999999998,0.0,0.0,0.0,0.0,0.32893378049036437,0.03563056727613689,0.17569400276618144,0.7976025883045171,0.6732208711968501,48.97,59.79,7.607308421874097,0.79,False,False,-1,0
S1_P3_space,P3,686818433,200,False,weak_PD,1.6,1.0,0.0,0.0,False,0.0,0.5,100,50,30,2.0,20000,0.7999999999999999,0.0,0.19999999999999998,0.0,0.0,0.0,0.0,0.3432671073712203,0.03271028037383177,0.16982708087723974,0.8023589398813897,0.67585256808056,48.985,58.12,7.9571889332514845,0.805,False,False,-1,0
S1_P3_space,P3,744720527,200,False,weak_PD,1.6,1.0,0.0,0.0,False,0.0,0.5,100,50,30,2.0,20000,0.7999999999999999,0.0,0.19999999999999998,0.0,0.0,0.0,0.0,0.29956599505785986,0.026710402999062792,0.17009620860251978,0.8084796309451157,0.6808029464765962,48.95,59.69,7.675009932856031,0.815,False,False,11000,0
S1_P3_space,P3,381425458,200,False,weak_PD,1.6,1.0,0.0,0.0,False,0.0,0.5,100,50,30,2.0,20000,0.7999999999999999,0.0,0.19999999999999998,0.0,0.0,0.0,0.0,0.33427744073312327,0.03155555555555556,0.16976828770735772,0.7896618820009292,0.6656831631422149,49.07,59.82,7.639340066873482,0.825,False,False,-1,0
S1_P3_space,P3,1620985466,200,False,weak_PD,1.6,1.0,0.0,0.0,False,0.0,0.5,100,50,30,2.0,20000,0.7999999999999999,0.0,0.19999999999999998,0.0,0.0,0.0,0.0,0.3273083064451833,0.03640081799591002,0.16855360863174768,0.8113293801640495,0.6827742258575892,49.25,60.31,7.75273901526763,0.845,False,False,-1,0
S1_P3_space,P3,2121129191,200,False,snowdrift,4.0,3.0,0.0,2.0,False,0.0,0.5,100,50,30,2.0,20000,0.7999999999999999,0.0,0.19999999999999998,0.0,0.0,0.0,0.0,0.32893378049036437,0.03563056727613689,0.4392350069154536,2.448328793760106,2.0465100363911746,48.97,59.79,7.607308421874097,0.79,False,False,-1,0
S1_P3_space,P3,686818433,200,False,snowdrift,4.0,3.0,0.0,2.0,False,0.0,0.5,100,50,30,2.0,20000,0.7999999999999999,0.0,0.19999999999999998,0.0,0.0,0.0,0.0,0.3432671073712203,0.03271028037383177,0.42456770219309936,2.458930688601573,2.05205809131988,48.985,58.12,7.9571889332514845,0.805,False,False,-1,0
S1_P3_space,P3,744720527,200,False,snowdrift,4.0,3.0,0.0,2.0,False,0.0,0.5,100,50,30,2.0,20000,0.7999999999999999,0.0,0.19999999999999998,0.0,0.0,0.0,0.0,0.29956599505785986,0.026710402999062792,0.4252405215062995,2.4764119717085715,2.066177681668117,48.95,59.69,7.675009932856031,0.815,False,False,11000,0
S1_P3_space,P3,381425458,200,False,snowdrift,4.0,3.0,0.0,2.0,False,0.0,0.5,100,50,30,2.0,20000,0.7999999999999999,0.0,0.19999999999999998,0.0,0.0,0.0,0.0,0.33427744073312327,0.03155555555555556,0.42442071926839464,2.424555540670939,2.02452857639043,49.07,59.82,7.639340066873482,0.825,False,False,-1,0
S1_P3_space,P3,1620985466,200,False,snowdrift,4.0,3.0,0.0,2.0,False,0.0,0.5,100,50,30,2.0,20000,0.7999999999999999,0.0,0.19999999999999998,0.0,0.0,0.0,0.0,0.3273083064451833,0.03640081799591002,0.42138402157936933,2.486593596470649,2.073551681492392,49.25,60.31,7.75273901526763,0.845,False,False,-1,0
