variant_name,prediction,seed,compat_N,well_mixed,payoff_preset,payoff_T,payoff_R,payoff_P,payoff_S,evolution_on,mutation_rate,fermi_k,evolution_interval,dunbar_limit,vision_radius,player_speed,end_cycle,share_TFT,share_ALLC,share_ALLD,share_FTFT,share_TF2T,share_GRIM,share_WSLS,d_share,exploit_last_window,payoff_ALLD,payoff_TFT,payoff_all,known_partners,distinct_partners,games_per_partner,exceeding_dunbar,fixated,stabilized,alld_trend_10k,nb_character_changes,network_variant,net_nodes,net_edges,net_mean_degree,net_avg_path,net_density,net_betw_max,net_betw_mean,enc_share_remembered,enc_share_ever,enc_distinct,net_edges_removed,payoff_mode,b,c,c_over_b,kin_on,family_size,family_r,kin_spatial_clustering,kin_strategy_correlation,kin_imitation_bias,kin_matching_prob,fitness_mode,inclusive_variant,r_hat_all,r_hat_kin,r_hat_first_window,r_hat_last_window,kin_interaction_share,coop_with_kin,coop_with_strangers,r_hat_all_pooled,p4_intervals,p4_sign_agreement,kin_matching_mode
PM8_P2_network,S2,744720527,200,False,PD_classic,9.0,5.0,1.0,0.0,True,0.0,0.5,100,0,30,0.1,100000,0.0,0.0,1.0,0.0,0.0,0.0,0.0,1.0,0.0,1.2226424887603016,0.0,1.2226424887603016,19.83,19.83,92.82767715503394,0.0,True,True,0.0012320449281775154,367,baseline,1024,1888,3.6875,23.17564027370479,0.003604594330400782,0.10896384010298515,0.01845320591177862,0.9896270173647106,0.9896270173647106,1.2941176470588236,0,classic,1.0,0.3,0.3,False,n/a,n/a,n/a,n/a,n/a,n/a,n/a,n/a,n/a,n/a,n/a,n/a,n/a,n/a,n/a,n/a,n/a,n/a,n/a
PM8_P2_network,S2,2121129191,200,False,PD_classic,9.0,5.0,1.0,0.0,True,0.0,0.5,100,0,30,0.1,100000,0.0,0.0,1.0,0.0,0.0,0.0,0.0,1.0,0.0,1.319327915028796,0.0,1.319327915028796,19.36,19.36,99.97703011837307,0.0,True,True,0.0016158304633218533,555,baseline,1024,1888,3.6875,23.17564027370479,0.003604594330400782,0.10896384010298515,0.01845320591177862,0.9858835762037368,0.9858835762037368,1.3012048192771084,0,classic,1.0,0.3,0.3,False,n/a,n/a,n/a,n/a,n/a,n/a,n/a,n/a,n/a,n/a,n/a,n/a,n/a,n/a,n/a,n/a,n/a,n/a,n/a
PM8_P2_network,S2,381425458,200,False,PD_classic,9.0,5.0,1.0,0.0,True,0.0,0.5,100,0,30,0.1,100000,0.0,0.0,1.0,0.0,0.0,0.0,0.0,1.0,0.0,1.2916239397463174,0.0,1.2916239397463174,19.47,19.47,97.99573307597697,0.0,True,True,0.0,436,baseline,1024,1888,3.6875,23.17564027370479,0.003604594330400782,0.10896384010298515,0.01845320591177862,0.9907879923149142,0.9907879923149142,1.2842105263157895,0,classic,1.0,0.3,0.3,False,n/a,n/a,n/a,n/a,n/a,n/a,n/a,n/a,n/a,n/a,n/a,n/a,n/a,n/a,n/a,n/a,n/a,n/a,n/a
PM8_P2_network,S2,686818433,200,False,PD_classic,9.0,5.0,1.0,0.0,True,0.0,0.5,100,0,30,0.1,100000,0.0,0.0,1.0,0.0,0.0,0.0,0.0,1.0,0.0,1.323675926493993,0.0,1.323675926493993,19.95,19.95,98.260926900683,0.0,True,True,0.0,472,baseline,1024,1888,3.6875,23.17564027370479,0.003604594330400782,0.10896384010298515,0.01845320591177862,0.993027281129799,0.993027281129799,1.4864864864864864,0,classic,1.0,0.3,0.3,False,n/a,n/a,n/a,n/a,n/a,n/a,n/a,n/a,n/a,n/a,n/a,n/a,n/a,n/a,n/a,n/a,n/a,n/a,n/a
PM8_P2_network,S2,1669164794,200,False,PD_classic,9.0,5.0,1.0,0.0,True,0.0,0.5,100,0,30,0.1,100000,0.0,0.0,1.0,0.0,0.0,0.0,0.0,1.0,0.0,1.2741284091510015,0.0,1.2741284091510015,20.3,20.3,96.6046530262247,0.0,True,True,0.0,490,baseline,1024,1888,3.6875,23.17564027370479,0.003604594330400782,0.10896384010298515,0.01845320591177862,0.9902104515002903,0.9902104515002903,1.3814432989690721,0,classic,1.0,0.3,0.3,False,n/a,n/a,n/a,n/a,n/a,n/a,n/a,n/a,n/a,n/a,n/a,n/a,n/a,n/a,n/a,n/a,n/a,n/a,n/a
PM8_P2_network,S2,1620985466,200,False,PD_classic,9.0,5.0,1.0,0.0,True,0.0,0.5,100,0,30,0.1,100000,0.0,0.0,1.0,0.0,0.0,0.0,0.0,1.0,0.0,1.2675660636780726,0.0,1.2675660636780726,19.99,19.99,93.62162090086477,0.0,True,True,0.0,478,baseline,1024,1888,3.6875,23.17564027370479,0.003604594330400782,0.10896384010298515,0.01845320591177862,0.9873499401586752,0.9873499401586752,1.3707865168539326,0,classic,1.0,0.3,0.3,False,n/a,n/a,n/a,n/a,n/a,n/a,n/a,n/a,n/a,n/a,n/a,n/a,n/a,n/a,n/a,n/a,n/a,n/a,n/a
PM8_P2_network,S2,126337246,200,False,PD_classic,9.0,5.0,1.0,0.0,True,0.0,0.5,100,0,30,0.1,100000,0.0,0.0,1.0,0.0,0.0,0.0,0.0,1.0,0.0,1.4386894399652241,0.0,1.4386894399652241,18.4,18.4,99.73012952370519,0.0,True,True,0.0,568,baseline,1024,1888,3.6875,23.17564027370479,0.003604594330400782,0.10896384010298515,0.01845320591177862,0.9922020670773701,0.9922020670773701,1.3670886075949367,0,classic,1.0,0.3,0.3,False,n/a,n/a,n/a,n/a,n/a,n/a,n/a,n/a,n/a,n/a,n/a,n/a,n/a,n/a,n/a,n/a,n/a,n/a,n/a
PM8_P2_network,S2,798359651,200,False,PD_classic,9.0,5.0,1.0,0.0,True,0.0,0.5,100,0,30,0.1,100000,0.0,0.0,1.0,0.0,0.0,0.0,0.0,1.0,0.0,1.3201557177556378,0.0,1.3201557177556378,19.99,19.99,106.05460064180286,0.0,True,True,0.0,485,baseline,1024,1888,3.6875,23.17564027370479,0.003604594330400782,0.10896384010298515,0.01845320591177862,0.9890074794160141,0.9890074794160141,1.3846153846153846,0,classic,1.0,0.3,0.3,False,n/a,n/a,n/a,n/a,n/a,n/a,n/a,n/a,n/a,n/a,n/a,n/a,n/a,n/a,n/a,n/a,n/a,n/a,n/a
PM8_P2_network,S2,317149051,200,False,PD_classic,9.0,5.0,1.0,0.0,True,0.0,0.5,100,0,30,0.1,100000,0.0,0.0,1.0,0.0,0.0,0.0,0.0,1.0,0.0,1.250780164694015,0.0,1.250780164694015,18.81,18.81,100.51015109463513,0.0,True,True,0.0001405445621782487,400,baseline,1024,1888,3.6875,23.17564027370479,0.003604594330400782,0.10896384010298515,0.01845320591177862,0.9927916344702389,0.9927916344702389,1.2391304347826086,0,classic,1.0,0.3,0.3,False,n/a,n/a,n/a,n/a,n/a,n/a,n/a,n/a,n/a,n/a,n/a,n/a,n/a,n/a,n/a,n/a,n/a,n/a,n/a
PM8_P2_network,S2,433399445,200,False,PD_classic,9.0,5.0,1.0,0.0,True,0.0,0.5,100,0,30,0.1,100000,0.0,0.0,1.0,0.0,0.0,0.0,0.0,1.0,0.0,1.2841457473676188,0.0,1.2841457473676188,19.74,19.74,103.3808519268772,0.0,True,True,0.0,490,baseline,1024,1888,3.6875,23.17564027370479,0.003604594330400782,0.10896384010298515,0.01845320591177862,0.9567597877041469,0.9567597877041469,1.4186046511627908,0,classic,1.0,0.3,0.3,False,n/a,n/a,n/a,n/a,n/a,n/a,n/a,n/a,n/a,n/a,n/a,n/a,n/a,n/a,n/a,n/a,n/a,n/a,n/a
PM8_P2_network,S2,2121129191,200,False,PD_classic,9.0,5.0,1.0,0.0,True,0.0,0.5,100,0,30,2.0,100000,0.0,0.0,1.0,0.0,0.0,0.0,0.0,1.0,0.0,1.0598659008736906,0.0,1.0598659008736906,162.34,162.34,14.2334824721113,0.0,True,True,0.0,391,baseline,1024,1888,3.6875,23.17564027370479,0.003604594330400782,0.10896384010298515,0.01845320591177862,0.9779622634615276,0.9779622634615276,5.479591836734694,0,classic,1.0,0.3,0.3,False,n/a,n/a,n/a,n/a,n/a,n/a,n/a,n/a,n/a,n/a,n/a,n/a,n/a,n/a,n/a,n/a,n/a,n/a,n/a
PM8_P2_network,S2,686818433,200,False,PD_classic,9.0,5.0,1.0,0.0,True,0.0,0.5,100,0,30,2.0,100000,0.0,0.0,1.0,0.0,0.0,0.0,0.0,1.0,0.0,1.065766537338076,0.0,1.065766537338076,162.21,162.21,13.996739520931214,0.0,True,True,0.0,345,baseline,1024,1888,3.6875,23.17564027370479,0.003604594330400782,0.10896384010298515,0.01845320591177862,0.9685269733137899,0.9685269733137899,5.0606060606060606,0,classic,1.0,0.3,0.3,False,n/a,n/a,n/a,n/a,n/a,n/a,n/a,n/a,n/a,n/a,n/a,n/a,n/a,n/a,n/a,n/a,n/a,n/a,n/a
PM8_P2_network,S2,744720527,200,False,PD_classic,9.0,5.0,1.0,0.0,True,0.0,0.5,100,0,30,2.0,100000,0.0,0.0,1.0,0.0,0.0,0.0,0.0,1.0,0.0,1.055395909596782,0.0,1.055395909596782,161.09,161.09,14.055681492148217,0.0,True,True,0.0,357,baseline,1024,1888,3.6875,23.17564027370479,0.003604594330400782,0.10896384010298515,0.01845320591177862,0.9696155027744537,0.9696155027744537,5.13265306122449,0,classic,1.0,0.3,0.3,False,n/a,n/a,n/a,n/a,n/a,n/a,n/a,n/a,n/a,n/a,n/a,n/a,n/a,n/a,n/a,n/a,n/a,n/a,n/a
PM8_P2_network,S2,381425458,200,False,PD_classic,9.0,5.0,1.0,0.0,True,0.0,0.5,100,0,30,2.0,100000,0.0,0.0,1.0,0.0,0.0,0.0,0.0,1.0,0.0,1.0778868582389656,0.0,1.0778868582389656,162.21,162.21,14.121940072803575,0.0,True,True,0.0,422,baseline,1024,1888,3.6875,23.17564027370479,0.003604594330400782,0.10896384010298515,0.01845320591177862,0.9734854394497212,0.9734854394497212,5.155778894472362,0,classic,1.0,0.3,0.3,False,n/a,n/a,n/a,n/a,n/a,n/a,n/a,n/a,n/a,n/a,n/a,n/a,n/a,n/a,n/a,n/a,n/a,n/a,n/a
PM8_P2_network,S2,1669164794,200,False,PD_classic,9.0,5.0,1.0,0.0,True,0.0,0.5,100,0,30,2.0,100000,0.0,0.0,1.0,0.0,0.0,0.0,0.0,1.0,0.0,1.0665720243405858,0.0,1.0665720243405858,164.01,164.01,13.8135018498632,0.0,True,True,0.0,387,baseline,1024,1888,3.6875,23.17564027370479,0.003604594330400782,0.10896384010298515,0.01845320591177862,0.9728536833529305,0.9728536833529305,5.50253807106599,0,classic,1.0,0.3,0.3,False,n/a,n/a,n/a,n/a,n/a,n/a,n/a,n/a,n/a,n/a,n/a,n/a,n/a,n/a,n/a,n/a,n/a,n/a,n/a
PM8_P2_network,S2,1620985466,200,False,PD_classic,9.0,5.0,1.0,0.0,True,0.0,0.5,100,0,30,2.0,100000,0.0,0.0,1.0,0.0,0.0,0.0,0.0,1.0,0.0,1.0646582850802946,0.0,1.0646582850802946,163.04,163.04,14.027050324169222,0.0,True,True,0.0,393,baseline,1024,1888,3.6875,23.17564027370479,0.003604594330400782,0.10896384010298515,0.01845320591177862,0.9772463450568659,0.9772463450568659,5.226130653266332,0,classic,1.0,0.3,0.3,False,n/a,n/a,n/a,n/a,n/a,n/a,n/a,n/a,n/a,n/a,n/a,n/a,n/a,n/a,n/a,n/a,n/a,n/a,n/a
PM8_P2_network,S2,798359651,200,False,PD_classic,9.0,5.0,1.0,0.0,True,0.0,0.5,100,0,30,2.0,100000,0.0,0.0,1.0,0.0,0.0,0.0,0.0,1.0,0.0,1.0697412308399443,0.0,1.0697412308399443,162.15,162.15,14.018605772647586,0.0,True,True,0.0,387,baseline,1024,1888,3.6875,23.17564027370479,0.003604594330400782,0.10896384010298515,0.01845320591177862,0.9618450018040311,0.9618450018040311,5.1457286432160805,0,classic,1.0,0.3,0.3,False,n/a,n/a,n/a,n/a,n/a,n/a,n/a,n/a,n/a,n/a,n/a,n/a,n/a,n/a,n/a,n/a,n/a,n/a,n/a
PM8_P2_network,S2,126337246,200,False,PD_classic,9.0,5.0,1.0,0.0,True,0.0,0.5,100,0,30,2.0,100000,0.0,0.0,1.0,0.0,0.0,0.0,0.0,1.0,0.0,1.0580108473710483,0.0,1.0580108473710483,161.53,161.53,14.127462721182766,0.0,True,True,0.0,375,baseline,1024,1888,3.6875,23.17564027370479,0.003604594330400782,0.10896384010298515,0.01845320591177862,0.9736092391306681,0.9736092391306681,5.597989949748744,0,classic,1.0,0.3,0.3,False,n/a,n/a,n/a,n/a,n/a,n/a,n/a,n/a,n/a,n/a,n/a,n/a,n/a,n/a,n/a,n/a,n/a,n/a,n/a
PM8_P2_network,S2,433399445,200,False,PD_classic,9.0,5.0,1.0,0.0,True,0.0,0.5,100,0,30,2.0,100000,0.0,0.0,1.0,0.0,0.0,0.0,0.0,1.0,0.0,1.0655058261711357,0.0,1.0655058261711357,163.66,163.66,13.93829046146165,0.0,True,True,0.0,381,baseline,1024,1888,3.6875,23.17564027370479,0.003604594330400782,0.10896384010298515,0.01845320591177862,0.9655070167898681,0.9655070167898681,5.350253807106599,0,classic,1.0,0.3,0.3,False,n/a,n/a,n/a,n/a,n/a,n/a,n/a,n/a,n/a,n/a,n/a,n/a,n/a,n/a,n/a,n/a,n/a,n/a,n/a
PM8_P2_network,S2,317149051,200,False,PD_classic,9.0,5.0,1.0,0.0,True,0.0,0.5,100,0,30,2.0,100000,0.0,0.0,1.0,0.0,0.0,0.0,0.0,1.0,0.0,1.087475945486811,0.0,1.087475945486811,161.37,161.37,14.115819226670846,0.0,True,True,0.0,485,baseline,1024,1888,3.6875,23.17564027370479,0.003604594330400782,0.10896384010298515,0.01845320591177862,0.9743929410963572,0.9743929410963572,5.56,0,classic,1.0,0.3,0.3,False,n/a,n/a,n/a,n/a,n/a,n/a,n/a,n/a,n/a,n/a,n/a,n/a,n/a,n/a,n/a,n/a,n/a,n/a,n/a
PM8_P2_network,S2,2121129191,200,False,PD_classic,9.0,5.0,1.0,0.0,True,0.0,0.5,100,0,30,0.1,100000,0.0,0.0,1.0,0.0,0.0,0.0,0.0,1.0,0.0,1.3101847474501098,0.0,1.3101847474501098,16.15,16.15,131.89057987863242,0.0,True,True,0.00015194460777843112,440,fragmented,1024,1510,2.94921875,25.72581622678397,0.002882911779081134,0.12811032933427496,0.020712430825958927,0.9895520880389381,0.9895520880389381,1.6161616161616161,378,classic,1.0,0.3,0.3,False,n/a,n/a,n/a,n/a,n/a,n/a,n/a,n/a,n/a,n/a,n/a,n/a,n/a,n/a,n/a,n/a,n/a,n/a,n/a
PM8_P2_network,S2,686818433,200,False,PD_classic,9.0,5.0,1.0,0.0,True,0.0,0.5,100,0,30,0.1,100000,0.0,0.0,1.0,0.0,0.0,0.0,0.0,1.0,0.0,1.450037229437586,0.0,1.450037229437586,16.64,16.64,123.36092988448085,0.0,True,True,0.00021933687734750938,578,fragmented,1024,1510,2.94921875,25.385171065493648,0.002882911779081134,0.14629755769191768,0.020550349468941385,0.962031236784488,0.962031236784488,1.3255813953488371,378,classic,1.0,0.3,0.3,False,n/a,n/a,n/a,n/a,n/a,n/a,n/a,n/a,n/a,n/a,n/a,n/a,n/a,n/a,n/a,n/a,n/a,n/a,n/a
PM8_P2_network,S2,744720527,200,False,PD_classic,9.0,5.0,1.0,0.0,True,0.0,0.5,100,0,30,0.1,100000,0.0,0.0,1.0,0.0,0.0,0.0,0.0,1.0,0.0,1.377502167343784,0.0,1.377502167343784,16.77,16.77,131.33078431957648,0.0,True,True,0.0002082248328993316,490,fragmented,1024,1510,2.94921875,25.893880742913,0.002882911779081134,0.1399992169640479,0.021047901237534708,0.9862802224587734,0.9862802224587734,1.3409090909090908,378,classic,1.0,0.3,0.3,False,n/a,n/a,n/a,n/a,n/a,n/a,n/a,n/a,n/a,n/a,n/a,n/a,n/a,n/a,n/a,n/a,n/a,n/a,n/a
PM8_P2_network,S2,381425458,200,False,PD_classic,9.0,5.0,1.0,0.0,True,0.0,0.5,100,0,30,0.1,100000,0.0,0.0,0.9949999999999999,0.0,0.0,0.0,0.004999999999999999,1.0,0.0,1.3809400444797573,0.0,1.3809400444797573,18.47,18.47,123.37428623729792,0.0,False,True,0.00791599966398181,432,fragmented,1024,1510,2.94921875,25.210312805474096,0.002882911779081134,0.14113566741277134,0.020271512818912554,0.9880961205331515,0.9880961205331515,1.3061224489795917,378,classic,1.0,0.3,0.3,False,n/a,n/a,n/a,n/a,n/a,n/a,n/a,n/a,n/a,n/a,n/a,n/a,n/a,n/a,n/a,n/a,n/a,n/a,n/a
PM8_P2_network,S2,1620985466,200,False,PD_classic,9.0,5.0,1.0,0.0,True,0.0,0.5,100,0,30,0.1,100000,0.0,0.0,1.0,0.0,0.0,0.0,0.0,1.0,0.0,1.5052033371490794,0.0,1.5052033371490794,15.84,15.84,127.7351985022218,0.0,True,True,0.003764655058619502,556,fragmented,1024,1510,2.94921875,25.94117302052786,0.002882911779081134,0.1711051157051785,0.020626699311744757,0.9888981808320476,0.9888981808320476,1.2954545454545454,378,classic,1.0,0.3,0.3,False,n/a,n/a,n/a,n/a,n/a,n/a,n/a,n/a,n/a,n/a,n/a,n/a,n/a,n/a,n/a,n/a,n/a,n/a,n/a
PM8_P2_network,S2,1669164794,200,False,PD_classic,9.0,5.0,1.0,0.0,True,0.0,0.5,100,0,30,0.1,100000,0.0,0.0,1.0,0.0,0.0,0.0,0.0,1.0,0.0,1.3864245289189536,0.0,1.3864245289189536,17.08,17.08,120.39270653168003,0.0,True,True,0.0009600038400146276,561,fragmented,1024,1510,2.94921875,25.596852394916912,0.002882911779081134,0.11571036413234588,0.020411774597658947,0.9906010237676155,0.9906010237676155,1.5632183908045978,378,classic,1.0,0.3,0.3,False,n/a,n/a,n/a,n/a,n/a,n/a,n/a,n/a,n/a,n/a,n/a,n/a,n/a,n/a,n/a,n/a,n/a,n/a,n/a
PM8_P2_network,S2,798359651,200,False,PD_classic,9.0,5.0,1.0,0.0,True,0.0,0.5,100,0,30,0.1,100000,0.0,0.0,1.0,0.0,0.0,0.0,0.0,1.0,0.0,1.6557336030221887,0.0,1.6557336030221887,16.24,16.24,130.43018739116238,0.0,True,False,0.02082497929991207,614,fragmented,1024,1510,2.94921875,25.36996089931574,0.002882911779081134,0.14280181479220427,0.020576710433751727,0.9890899482940072,0.9890899482940072,1.3176470588235294,378,classic,1.0,0.3,0.3,False,n/a,n/a,n/a,n/a,n/a,n/a,n/a,n/a,n/a,n/a,n/a,n/a,n/a,n/a,n/a,n/a,n/a,n/a,n/a
PM8_P2_network,S2,126337246,200,False,PD_classic,9.0,5.0,1.0,0.0,True,0.0,0.5,100,0,30,0.1,100000,0.0,0.0,0.99,0.0,0.0,0.009999999999999998,0.0,1.0,0.0,1.3080638226069996,0.0,1.3449831843809297,16.53,16.53,122.80183253768163,0.0,False,True,0.002348169392654133,494,fragmented,1024,1510,2.94921875,25.502316715542523,0.002882911779081134,0.12188790889841442,0.02046492245740339,0.9935053566227794,0.9935053566227794,1.431578947368421,378,classic,1.0,0.3,0.3,False,n/a,n/a,n/a,n/a,n/a,n/a,n/a,n/a,n/a,n/a,n/a,n/a,n/a,n/a,n/a,n/a,n/a,n/a,n/a
PM8_P2_network,S2,317149051,200,False,PD_classic,9.0,5.0,1.0,0.0,True,0.0,0.5,100,0,30,0.1,100000,0.0,0.0,1.0,0.0,0.0,0.0,0.0,1.0,0.0,1.4756214444521893,0.0,1.4756214444521893,17.48,17.48,119.6618628355449,0.0,True,True,0.002893547574189564,582,fragmented,1024,1510,2.94921875,25.344418377321603,0.002882911779081134,0.11735323838257146,0.020421221653079975,0.9934448864577201,0.9934448864577201,1.2747252747252746,378,classic,1.0,0.3,0.3,False,n/a,n/a,n/a,n/a,n/a,n/a,n/a,n/a,n/a,n/a,n/a,n/a,n/a,n/a,n/a,n/a,n/a,n/a,n/a
PM8_P2_network,S2,433399445,200,False,PD_classic,9.0,5.0,1.0,0.0,True,0.0,0.5,100,0,30,0.1,100000,0.0,0.0,1.0,0.0,0.0,0.0,0.0,1.0,0.0,1.3217739175669934,0.0,1.3217739175669934,17.2,17.2,120.11622548437937,0.0,True,True,0.0012879411517565504,420,fragmented,1024,1510,2.94921875,25.717996089931574,0.002882911779081134,0.13471860670552965,0.02095950205570321,0.9882354833484893,0.9882354833484893,1.2083333333333333,378,classic,1.0,0.3,0.3,False,n/a,n/a,n/a,n/a,n/a,n/a,n/a,n/a,n/a,n/a,n/a,n/a,n/a,n/a,n/a,n/a,n/a,n/a,n/a
PM8_P2_network,S2,2121129191,200,False,PD_classic,9.0,5.0,1.0,0.0,True,0.0,0.5,100,0,30,2.0,100000,0.0,0.0,1.0,0.0,0.0,0.0,0.0,1.0,0.0,1.0616400414855587,0.0,1.0616400414855587,147.33,147.33,17.13484069414209,0.0,True,True,0.0,445,fragmented,1024,1510,2.94921875,25.72581622678397,0.002882911779081134,0.12811032933427496,0.020712430825958927,0.9646857870208418,0.9646857870208418,5.224489795918367,378,classic,1.0,0.3,0.3,False,n/a,n/a,n/a,n/a,n/a,n/a,n/a,n/a,n/a,n/a,n/a,n/a,n/a,n/a,n/a,n/a,n/a,n/a,n/a
PM8_P2_network,S2,686818433,200,False,PD_classic,9.0,5.0,1.0,0.0,True,0.0,0.5,100,0,30,2.0,100000,0.0,0.0,1.0,0.0,0.0,0.0,0.0,1.0,0.0,1.0608921892710725,0.0,1.0608921892710725,144.26,144.26,17.35277217057757,0.0,True,True,0.0,383,fragmented,1024,1510,2.94921875,25.385171065493648,0.002882911779081134,0.14629755769191768,0.020550349468941385,0.9709853294994114,0.9709853294994114,4.848484848484849,378,classic,1.0,0.3,0.3,False,n/a,n/a,n/a,n/a,n/a,n/a,n/a,n/a,n/a,n/a,n/a,n/a,n/a,n/a,n/a,n/a,n/a,n/a,n/a
PM8_P2_network,S2,744720527,200,False,PD_classic,9.0,5.0,1.0,0.0,True,0.0,0.5,100,0,30,2.0,100000,0.0,0.0,1.0,0.0,0.0,0.0,0.0,1.0,0.0,1.068723954369185,0.0,1.068723954369185,141.32,141.32,17.623946378083676,0.0,True,True,0.0,444,fragmented,1024,1510,2.94921875,25.893880742913,0.002882911779081134,0.1399992169640479,0.021047901237534708,0.9738682314678901,0.9738682314678901,4.757575757575758,378,classic,1.0,0.3,0.3,False,n/a,n/a,n/a,n/a,n/a,n/a,n/a,n/a,n/a,n/a,n/a,n/a,n/a,n/a,n/a,n/a,n/a,n/a,n/a
PM8_P2_network,S2,381425458,200,False,PD_classic,9.0,5.0,1.0,0.0,True,0.0,0.5,100,0,30,2.0,100000,0.0,0.0,1.0,0.0,0.0,0.0,0.0,1.0,0.0,1.0598184560736246,0.0,1.0598184560736246,145.53,145.53,17.253287010493224,0.0,True,True,0.0,382,fragmented,1024,1510,2.94921875,25.210312805474096,0.002882911779081134,0.14113566741277134,0.020271512818912554,0.9751301043311377,0.9751301043311377,4.898989898989899,378,classic,1.0,0.3,0.3,False,n/a,n/a,n/a,n/a,n/a,n/a,n/a,n/a,n/a,n/a,n/a,n/a,n/a,n/a,n/a,n/a,n/a,n/a,n/a
PM8_P2_network,S2,1620985466,200,False,PD_classic,9.0,5.0,1.0,0.0,True,0.0,0.5,100,0,30,2.0,100000,0.0,0.0,1.0,0.0,0.0,0.0,0.0,1.0,0.0,1.0772514556042612,0.0,1.0772514556042612,145.13,145.13,16.944967307976615,0.0,True,True,0.0,449,fragmented,1024,1510,2.94921875,25.94117302052786,0.002882911779081134,0.1711051157051785,0.020626699311744757,0.9632256694849402,0.9632256694849402,4.693467336683417,378,classic,1.0,0.3,0.3,False,n/a,n/a,n/a,n/a,n/a,n/a,n/a,n/a,n/a,n/a,n/a,n/a,n/a,n/a,n/a,n/a,n/a,n/a,n/a
PM8_P2_network,S2,1669164794,200,False,PD_classic,9.0,5.0,1.0,0.0,True,0.0,0.5,100,0,30,2.0,100000,0.0,0.0,1.0,0.0,0.0,0.0,0.0,1.0,0.0,1.0567447603801325,0.0,1.0567447603801325,145.94,145.94,17.218234790896453,0.0,True,True,0.0,387,fragmented,1024,1510,2.94921875,25.596852394916912,0.002882911779081134,0.11571036413234588,0.020411774597658947,0.9679920536269476,0.9679920536269476,4.808080808080808,378,classic,1.0,0.3,0.3,False,n/a,n/a,n/a,n/a,n/a,n/a,n/a,n/a,n/a,n/a,n/a,n/a,n/a,n/a,n/a,n/a,n/a,n/a,n/a
PM8_P2_network,S2,798359651,200,False,PD_classic,9.0,5.0,1.0,0.0,True,0.0,0.5,100,0,30,2.0,100000,0.0,0.0,1.0,0.0,0.0,0.0,0.0,1.0,0.0,1.0918075283907003,0.0,1.0918075283907003,146.22,146.22,17.308142300680615,0.0,True,True,0.0,556,fragmented,1024,1510,2.94921875,25.36996089931574,0.002882911779081134,0.14280181479220427,0.020576710433751727,0.9621054112097399,0.9621054112097399,5.482233502538071,378,classic,1.0,0.3,0.3,False,n/a,n/a,n/a,n/a,n/a,n/a,n/a,n/a,n/a,n/a,n/a,n/a,n/a,n/a,n/a,n/a,n/a,n/a,n/a
PM8_P2_network,S2,126337246,200,False,PD_classic,9.0,5.0,1.0,0.0,True,0.0,0.5,100,0,30,2.0,100000,0.0,0.0,1.0,0.0,0.0,0.0,0.0,1.0,0.0,1.073140551242737,0.0,1.073140551242737,147.07,147.07,17.12707254174172,0.0,True,True,0.0,446,fragmented,1024,1510,2.94921875,25.502316715542523,0.002882911779081134,0.12188790889841442,0.02046492245740339,0.9735260101499722,0.9735260101499722,5.461928934010152,378,classic,1.0,0.3,0.3,False,n/a,n/a,n/a,n/a,n/a,n/a,n/a,n/a,n/a,n/a,n/a,n/a,n/a,n/a,n/a,n/a,n/a,n/a,n/a
PM8_P2_network,S2,317149051,200,False,PD_classic,9.0,5.0,1.0,0.0,True,0.0,0.5,100,0,30,2.0,100000,0.0,0.0,1.0,0.0,0.0,0.0,0.0,1.0,0.0,1.0604265370245147,0.0,1.0604265370245147,145.58,145.58,17.366543654968748,0.0,True,True,0.0,383,fragmented,1024,1510,2.94921875,25.344418377321603,0.002882911779081134,0.11735323838257146,0.020421221653079975,0.963637295093217,0.963637295093217,5.248730964467005,378,classic,1.0,0.3,0.3,False,n/a,n/a,n/a,n/a,n/a,n/a,n/a,n/a,n/a,n/a,n/a,n/a,n/a,n/a,n/a,n/a,n/a,n/a,n/a
PM8_P2_network,S2,433399445,200,False,PD_classic,9.0,5.0,1.0,0.0,True,0.0,0.5,100,0,30,2.0,100000,0.0,0.0,1.0,0.0,0.0,0.0,0.0,1.0,0.0,1.067125943140798,0.0,1.067125943140798,144.46,144.46,17.374552625226716,0.0,True,True,0.0,412,fragmented,1024,1510,2.94921875,25.717996089931574,0.002882911779081134,0.13471860670552965,0.02095950205570321,0.9715515441136692,0.9715515441136692,5.187817258883249,378,classic,1.0,0.3,0.3,False,n/a,n/a,n/a,n/a,n/a,n/a,n/a,n/a,n/a,n/a,n/a,n/a,n/a,n/a,n/a,n/a,n/a,n/a,n/a
PM8_P2_network,S2,2121129191,200,False,PD_classic,9.0,5.0,1.0,0.0,True,0.0,0.5,100,0,30,0.1,100000,0.0,0.0,1.0,0.0,0.0,0.0,0.0,1.0,0.0,1.414799691154669,0.0,1.414799691154669,20.43,20.43,94.78670779192973,0.0,True,True,0.001354565418261673,579,connected,1024,1908,3.7265625,22.59355816226784,0.0036427785923753664,0.11047973273294646,0.017992639075600707,0.9823108189650138,0.9823108189650138,1.3263157894736841,0,classic,1.0,0.3,0.3,False,n/a,n/a,n/a,n/a,n/a,n/a,n/a,n/a,n/a,n/a,n/a,n/a,n/a,n/a,n/a,n/a,n/a,n/a,n/a
PM8_P2_network,S2,686818433,200,False,PD_classic,9.0,5.0,1.0,0.0,True,0.0,0.5,100,0,30,0.1,100000,0.0,0.0,1.0,0.0,0.0,0.0,0.0,1.0,0.0,1.3158675367087314,0.0,1.3158675367087314,20.3,20.3,95.34200557596289,0.0,True,True,0.0,551,connected,1024,1908,3.7265625,22.68184750733138,0.0036427785923753664,0.09964303509625747,0.018069511990485933,0.9882722812604418,0.9882722812604418,1.302325581395349,0,classic,1.0,0.3,0.3,False,n/a,n/a,n/a,n/a,n/a,n/a,n/a,n/a,n/a,n/a,n/a,n/a,n/a,n/a,n/a,n/a,n/a,n/a,n/a
PM8_P2_network,S2,744720527,200,False,PD_classic,9.0,5.0,1.0,0.0,True,0.0,0.5,100,0,30,0.1,100000,0.0,0.0,1.0,0.0,0.0,0.0,0.0,1.0,0.0,1.222350116834422,0.0,1.222350116834422,19.58,19.58,98.31549930909777,0.0,True,True,0.00012909651638606554,402,connected,1024,1908,3.7265625,22.703020527859238,0.0036427785923753664,0.12093742773809137,0.01794714488128238,0.9820187085775781,0.9820187085775781,1.3186813186813187,0,classic,1.0,0.3,0.3,False,n/a,n/a,n/a,n/a,n/a,n/a,n/a,n/a,n/a,n/a,n/a,n/a,n/a,n/a,n/a,n/a,n/a,n/a,n/a
PM8_P2_network,S2,381425458,200,False,PD_classic,9.0,5.0,1.0,0.0,True,0.0,0.5,100,0,30,0.1,100000,0.0,0.0,1.0,0.0,0.0,0.0,0.0,1.0,0.0,1.2243831210488507,0.0,1.2243831210488507,20.9,20.9,93.78474915920137,0.0,True,True,0.0,411,connected,1024,1908,3.7265625,22.678748778103618,0.0036427785923753664,0.13822503935242955,0.018021477160341432,0.9838220211663179,0.9838220211663179,1.2941176470588236,0,classic,1.0,0.3,0.3,False,n/a,n/a,n/a,n/a,n/a,n/a,n/a,n/a,n/a,n/a,n/a,n/a,n/a,n/a,n/a,n/a,n/a,n/a,n/a
PM8_P2_network,S2,1620985466,200,False,PD_classic,9.0,5.0,1.0,0.0,True,0.0,0.5,100,0,30,0.1,100000,0.0,0.0,1.0,0.0,0.0,0.0,0.0,1.0,0.0,1.4085858387833636,0.0,1.4085858387833636,19.59,19.59,97.67761947014547,0.0,True,True,4.761619046476186e-05,546,connected,1024,1908,3.7265625,22.67199413489736,0.0036427785923753664,0.12368217976172854,0.0179617143068763,0.9864972164629832,0.9864972164629832,1.6,0,classic,1.0,0.3,0.3,False,n/a,n/a,n/a,n/a,n/a,n/a,n/a,n/a,n/a,n/a,n/a,n/a,n/a,n/a,n/a,n/a,n/a,n/a,n/a
PM8_P2_network,S2,1669164794,200,False,PD_classic,9.0,5.0,1.0,0.0,True,0.0,0.5,100,0,30,0.1,100000,0.0,0.0,1.0,0.0,0.0,0.0,0.0,1.0,0.0,1.251397194429536,0.0,1.251397194429536,20.74,20.74,96.5965006061546,0.0,True,True,0.0,462,connected,1024,1908,3.7265625,22.803567937438906,0.0036427785923753664,0.10968823393764451,0.01816697713236461,0.9724751510318183,0.9724751510318183,1.3333333333333333,0,classic,1.0,0.3,0.3,False,n/a,n/a,n/a,n/a,n/a,n/a,n/a,n/a,n/a,n/a,n/a,n/a,n/a,n/a,n/a,n/a,n/a,n/a,n/a
PM8_P2_network,S2,798359651,200,False,PD_classic,9.0,5.0,1.0,0.0,True,0.0,0.5,100,0,30,0.1,100000,0.0,0.0,1.0,0.0,0.0,0.0,0.0,1.0,0.0,1.3827930683582634,0.0,1.3827930683582634,19.32,19.32,96.95009343901835,0.0,True,True,0.0,544,connected,1024,1908,3.7265625,22.631104594330402,0.0036427785923753664,0.11857835447202564,0.018059028131474114,0.9906545653055783,0.9906545653055783,1.3793103448275863,0,classic,1.0,0.3,0.3,False,n/a,n/a,n/a,n/a,n/a,n/a,n/a,n/a,n/a,n/a,n/a,n/a,n/a,n/a,n/a,n/a,n/a,n/a,n/a
PM8_P2_network,S2,126337246,200,False,PD_classic,9.0,5.0,1.0,0.0,True,0.0,0.5,100,0,30,0.1,100000,0.0,0.0,1.0,0.0,0.0,0.0,0.0,1.0,0.0,1.2887058769635322,0.0,1.2887058769635322,19.42,19.42,96.52512210788939,0.0,True,True,0.0,435,connected,1024,1908,3.7265625,22.548924731182797,0.0036427785923753664,0.16618649848249925,0.01789874390068063,0.9893600191536779,0.9893600191536779,1.3670886075949367,0,classic,1.0,0.3,0.3,False,n/a,n/a,n/a,n/a,n/a,n/a,n/a,n/a,n/a,n/a,n/a,n/a,n/a,n/a,n/a,n/a,n/a,n/a,n/a
PM8_P2_network,S2,317149051,200,False,PD_classic,9.0,5.0,1.0,0.0,True,0.0,0.5,100,0,30,0.1,100000,0.0,0.0,1.0,0.0,0.0,0.0,0.0,1.0,0.0,1.2975943439500126,0.0,1.2975943439500126,19.16,19.16,99.0169565297269,0.0,True,True,0.0,504,connected,1024,1908,3.7265625,22.740224828934505,0.0036427785923753664,0.1081279941882244,0.01813791674198908,0.9939776170993568,0.9939776170993568,1.2421052631578948,0,classic,1.0,0.3,0.3,False,n/a,n/a,n/a,n/a,n/a,n/a,n/a,n/a,n/a,n/a,n/a,n/a,n/a,n/a,n/a,n/a,n/a,n/a,n/a
PM8_P2_network,S2,433399445,200,False,PD_classic,9.0,5.0,1.0,0.0,True,0.0,0.5,100,0,30,0.1,100000,0.0,0.0,1.0,0.0,0.0,0.0,0.0,1.0,0.0,1.276607118158461,0.0,1.276607118158461,19.99,19.99,99.09210229240654,0.0,True,True,0.0,422,connected,1024,1908,3.7265625,22.742160312805474,0.0036427785923753664,0.12431349120426402,0.018135708630557842,0.9931524788595061,0.9931524788595061,1.1685393258426966,0,classic,1.0,0.3,0.3,False,n/a,n/a,n/a,n/a,n/a,n/a,n/a,n/a,n/a,n/a,n/a,n/a,n/a,n/a,n/a,n/a,n/a,n/a,n/a
PM8_P2_network,S2,2121129191,200,False,PD_classic,9.0,5.0,1.0,0.0,True,0.0,0.5,100,0,30,2.0,100000,0.0,0.0,1.0,0.0,0.0,0.0,0.0,1.0,0.0,1.0618465107879755,0.0,1.0618465107879755,163.05,163.05,14.017688937951469,0.0,True,True,0.0,384,connected,1024,1908,3.7265625,22.59355816226784,0.0036427785923753664,0.11047973273294646,0.017992639075600707,0.970964501957582,0.970964501957582,4.842639593908629,0,classic,1.0,0.3,0.3,False,n/a,n/a,n/a,n/a,n/a,n/a,n/a,n/a,n/a,n/a,n/a,n/a,n/a,n/a,n/a,n/a,n/a,n/a,n/a
PM8_P2_network,S2,686818433,200,False,PD_classic,9.0,5.0,1.0,0.0,True,0.0,0.5,100,0,30,2.0,100000,0.0,0.0,1.0,0.0,0.0,0.0,0.0,1.0,0.0,1.0740556837410584,0.0,1.0740556837410584,161.62,161.62,14.192682869413115,0.0,True,True,0.0,428,connected,1024,1908,3.7265625,22.68184750733138,0.0036427785923753664,0.09964303509625747,0.018069511990485933,0.9690580703747754,0.9690580703747754,5.484848484848484,0,classic,1.0,0.3,0.3,False,n/a,n/a,n/a,n/a,n/a,n/a,n/a,n/a,n/a,n/a,n/a,n/a,n/a,n/a,n/a,n/a,n/a,n/a,n/a
PM8_P2_network,S2,744720527,200,False,PD_classic,9.0,5.0,1.0,0.0,True,0.0,0.5,100,0,30,2.0,100000,0.0,0.0,1.0,0.0,0.0,0.0,0.0,1.0,0.0,1.0605404747794969,0.0,1.0605404747794969,161.93,161.93,13.981522331626707,0.0,True,True,0.0,356,connected,1024,1908,3.7265625,22.703020527859238,0.0036427785923753664,0.12093742773809137,0.01794714488128238,0.9612498121332181,0.9612498121332181,5.24,0,classic,1.0,0.3,0.3,False,n/a,n/a,n/a,n/a,n/a,n/a,n/a,n/a,n/a,n/a,n/a,n/a,n/a,n/a,n/a,n/a,n/a,n/a,n/a
PM8_P2_network,S2,381425458,200,False,PD_classic,9.0,5.0,1.0,0.0,True,0.0,0.5,100,0,30,2.0,100000,0.0,0.0,1.0,0.0,0.0,0.0,0.0,1.0,0.0,1.0631191030344957,0.0,1.0631191030344957,162.62,162.62,14.137933961060856,0.0,True,True,0.0,395,connected,1024,1908,3.7265625,22.678748778103618,0.0036427785923753664,0.13822503935242955,0.018021477160341432,0.9644690866129183,0.9644690866129183,5.59,0,classic,1.0,0.3,0.3,False,n/a,n/a,n/a,n/a,n/a,n/a,n/a,n/a,n/a,n/a,n/a,n/a,n/a,n/a,n/a,n/a,n/a,n/a,n/a
PM8_P2_network,S2,1620985466,200,False,PD_classic,9.0,5.0,1.0,0.0,True,0.0,0.5,100,0,30,2.0,100000,0.0,0.0,1.0,0.0,0.0,0.0,0.0,1.0,0.0,1.0570444722944699,0.0,1.0570444722944699,162.03,162.03,14.062817720698582,0.0,True,True,0.0,361,connected,1024,1908,3.7265625,22.67199413489736,0.0036427785923753664,0.12368217976172854,0.0179617143068763,0.9590548329672959,0.9590548329672959,5.43,0,classic,1.0,0.3,0.3,False,n/a,n/a,n/a,n/a,n/a,n/a,n/a,n/a,n/a,n/a,n/a,n/a,n/a,n/a,n/a,n/a,n/a,n/a,n/a
PM8_P2_network,S2,1669164794,200,False,PD_classic,9.0,5.0,1.0,0.0,True,0.0,0.5,100,0,30,2.0,100000,0.0,0.0,1.0,0.0,0.0,0.0,0.0,1.0,0.0,1.0578104052837882,0.0,1.0578104052837882,162.24,162.24,14.189947913489918,0.0,True,True,0.0,334,connected,1024,1908,3.7265625,22.803567937438906,0.0036427785923753664,0.10968823393764451,0.01816697713236461,0.9694762642566529,0.9694762642566529,4.793969849246231,0,classic,1.0,0.3,0.3,False,n/a,n/a,n/a,n/a,n/a,n/a,n/a,n/a,n/a,n/a,n/a,n/a,n/a,n/a,n/a,n/a,n/a,n/a,n/a
PM8_P2_network,S2,798359651,200,False,PD_classic,9.0,5.0,1.0,0.0,True,0.0,0.5,100,0,30,2.0,100000,0.0,0.0,1.0,0.0,0.0,0.0,0.0,1.0,0.0,1.0725619285507488,0.0,1.0725619285507488,161.88,161.88,14.05351403789897,0.0,True,True,0.0,397,connected,1024,1908,3.7265625,22.631104594330402,0.0036427785923753664,0.11857835447202564,0.018059028131474114,0.9682361076863709,0.9682361076863709,5.276381909547739,0,classic,1.0,0.3,0.3,False,n/a,n/a,n/a,n/a,n/a,n/a,n/a,n/a,n/a,n/a,n/a,n/a,n/a,n/a,n/a,n/a,n/a,n/a,n/a
PM8_P2_network,S2,126337246,200,False,PD_classic,9.0,5.0,1.0,0.0,True,0.0,0.5,100,0,30,2.0,100000,0.0,0.0,1.0,0.0,0.0,0.0,0.0,1.0,0.0,1.0717537189445638,0.0,1.0717537189445638,163.62,163.62,13.891599262293223,0.0,True,True,0.0,447,connected,1024,1908,3.7265625,22.548924731182797,0.0036427785923753664,0.16618649848249925,0.01789874390068063,0.9722710359812651,0.9722710359812651,5.525252525252525,0,classic,1.0,0.3,0.3,False,n/a,n/a,n/a,n/a,n/a,n/a,n/a,n/a,n/a,n/a,n/a,n/a,n/a,n/a,n/a,n/a,n/a,n/a,n/a
PM8_P2_network,S2,317149051,200,False,PD_classic,9.0,5.0,1.0,0.0,True,0.0,0.5,100,0,30,2.0,100000,0.0,0.0,1.0,0.0,0.0,0.0,0.0,1.0,0.0,1.0549983684039612,0.0,1.0549983684039612,161.45,161.45,14.109717082371821,0.0,True,True,0.0,326,connected,1024,1908,3.7265625,22.740224828934505,0.0036427785923753664,0.1081279941882244,0.01813791674198908,0.969213905952224,0.969213905952224,5.3,0,classic,1.0,0.3,0.3,False,n/a,n/a,n/a,n/a,n/a,n/a,n/a,n/a,n/a,n/a,n/a,n/a,n/a,n/a,n/a,n/a,n/a,n/a,n/a
PM8_P2_network,S2,433399445,200,False,PD_classic,9.0,5.0,1.0,0.0,True,0.0,0.5,100,0,30,2.0,100000,0.0,0.0,1.0,0.0,0.0,0.0,0.0,1.0,0.0,1.0566551921243583,0.0,1.0566551921243583,164.55,164.55,14.061024111091761,0.0,True,True,0.0,380,connected,1024,1908,3.7265625,22.742160312805474,0.0036427785923753664,0.12431349120426402,0.018135708630557842,0.9741388159596779,0.9741388159596779,5.206030150753769,0,classic,1.0,0.3,0.3,False,n/a,n/a,n/a,n/a,n/a,n/a,n/a,n/a,n/a,n/a,n/a,n/a,n/a,n/a,n/a,n/a,n/a,n/a,n/a
PM8_P2_network,S2,2121129191,200,False,PD_classic,9.0,5.0,1.0,0.0,True,0.0,0.5,100,5,30,0.1,100000,0.0,0.0,1.0,0.0,0.0,0.0,0.0,1.0,0.0,1.319327915028796,0.0,1.319327915028796,5.0,19.36,99.97703011837307,0.995,True,True,0.0016158304633218533,555,baseline,1024,1888,3.6875,23.17564027370479,0.003604594330400782,0.10896384010298515,0.01845320591177862,0.9706806849714007,0.9858835762037368,1.3012048192771084,0,classic,1.0,0.3,0.3,False,n/a,n/a,n/a,n/a,n/a,n/a,n/a,n/a,n/a,n/a,n/a,n/a,n/a,n/a,n/a,n/a,n/a,n/a,n/a
PM8_P2_network,S2,686818433,200,False,PD_classic,9.0,5.0,1.0,0.0,True,0.0,0.5,100,5,30,0.1,100000,0.0,0.0,1.0,0.0,0.0,0.0,0.0,1.0,0.0,1.323675926493993,0.0,1.323675926493993,5.0,19.95,98.260926900683,1.0,True,True,0.0,472,baseline,1024,1888,3.6875,23.17564027370479,0.003604594330400782,0.10896384010298515,0.01845320591177862,0.9909072040920048,0.993027281129799,1.4864864864864864,0,classic,1.0,0.3,0.3,False,n/a,n/a,n/a,n/a,n/a,n/a,n/a,n/a,n/a,n/a,n/a,n/a,n/a,n/a,n/a,n/a,n/a,n/a,n/a
PM8_P2_network,S2,744720527,200,False,PD_classic,9.0,5.0,1.0,0.0,True,0.0,0.5,100,5,30,0.1,100000,0.0,0.0,1.0,0.0,0.0,0.0,0.0,1.0,0.0,1.2226424887603016,0.0,1.2226424887603016,5.0,19.83,92.82767715503394,1.0,True,True,0.0012320449281775154,367,baseline,1024,1888,3.6875,23.17564027370479,0.003604594330400782,0.10896384010298515,0.01845320591177862,0.9837621954239887,0.9896270173647106,1.2941176470588236,0,classic,1.0,0.3,0.3,False,n/a,n/a,n/a,n/a,n/a,n/a,n/a,n/a,n/a,n/a,n/a,n/a,n/a,n/a,n/a,n/a,n/a,n/a,n/a
PM8_P2_network,S2,381425458,200,False,PD_classic,9.0,5.0,1.0,0.0,True,0.0,0.5,100,5,30,0.1,100000,0.0,0.0,1.0,0.0,0.0,0.0,0.0,1.0,0.0,1.2916239397463174,0.0,1.2916239397463174,5.0,19.47,97.99573307597697,1.0,True,True,0.0,436,baseline,1024,1888,3.6875,23.17564027370479,0.003604594330400782,0.10896384010298515,0.01845320591177862,0.9885829120337292,0.9907879923149142,1.2842105263157895,0,classic,1.0,0.3,0.3,False,n/a,n/a,n/a,n/a,n/a,n/a,n/a,n/a,n/a,n/a,n/a,n/a,n/a,n/a,n/a,n/a,n/a,n/a,n/a
PM8_P2_network,S2,1620985466,200,False,PD_classic,9.0,5.0,1.0,0.0,True,0.0,0.5,100,5,30,0.1,100000,0.0,0.0,1.0,0.0,0.0,0.0,0.0,1.0,0.0,1.2675660636780726,0.0,1.2675660636780726,5.0,19.99,93.62162090086477,1.0,True,True,0.0,478,baseline,1024,1888,3.6875,23.17564027370479,0.003604594330400782,0.10896384010298515,0.01845320591177862,0.9836527278206731,0.9873499401586752,1.3707865168539326,0,classic,1.0,0.3,0.3,False,n/a,n/a,n/a,n/a,n/a,n/a,n/a,n/a,n/a,n/a,n/a,n/a,n/a,n/a,n/a,n/a,n/a,n/a,n/a
PM8_P2_network,S2,1669164794,200,False,PD_classic,9.0,5.0,1.0,0.0,True,0.0,0.5,100,5,30,0.1,100000,0.0,0.0,1.0,0.0,0.0,0.0,0.0,1.0,0.0,1.2741284091510015,0.0,1.2741284091510015,5.0,20.3,96.6046530262247,1.0,True,True,0.0,490,baseline,1024,1888,3.6875,23.17564027370479,0.003604594330400782,0.10896384010298515,0.01845320591177862,0.9889450748071986,0.9902104515002903,1.3814432989690721,0,classic,1.0,0.3,0.3,False,n/a,n/a,n/a,n/a,n/a,n/a,n/a,n/a,n/a,n/a,n/a,n/a,n/a,n/a,n/a,n/a,n/a,n/a,n/a
PM8_P2_network,S2,798359651,200,False,PD_classic,9.0,5.0,1.0,0.0,True,0.0,0.5,100,5,30,0.1,100000,0.0,0.0,1.0,0.0,0.0,0.0,0.0,1.0,0.0,1.3201557177556378,0.0,1.3201557177556378,5.0,19.99,106.05460064180286,1.0,True,True,0.0,485,baseline,1024,1888,3.6875,23.17564027370479,0.003604594330400782,0.10896384010298515,0.01845320591177862,0.9837840869195394,0.9890074794160141,1.3846153846153846,0,classic,1.0,0.3,0.3,False,n/a,n/a,n/a,n/a,n/a,n/a,n/a,n/a,n/a,n/a,n/a,n/a,n/a,n/a,n/a,n/a,n/a,n/a,n/a
PM8_P2_network,S2,126337246,200,False,PD_classic,9.0,5.0,1.0,0.0,True,0.0,0.5,100,5,30,0.1,100000,0.0,0.0,1.0,0.0,0.0,0.0,0.0,1.0,0.0,1.4444383457692256,0.0,1.4444383457692256,5.0,18.84,98.2473712532782,1.0,True,True,0.0,569,baseline,1024,1888,3.6875,23.17564027370479,0.003604594330400782,0.10896384010298515,0.01845320591177862,0.9746760348016753,0.9897160678638869,1.308641975308642,0,classic,1.0,0.3,0.3,False,n/a,n/a,n/a,n/a,n/a,n/a,n/a,n/a,n/a,n/a,n/a,n/a,n/a,n/a,n/a,n/a,n/a,n/a,n/a
PM8_P2_network,S2,317149051,200,False,PD_classic,9.0,5.0,1.0,0.0,True,0.0,0.5,100,5,30,0.1,100000,0.0,0.0,1.0,0.0,0.0,0.0,0.0,1.0,0.0,1.250813402128166,0.0,1.250813402128166,5.0,18.81,100.51015109463513,1.0,True,True,0.0001405445621782487,400,baseline,1024,1888,3.6875,23.17564027370479,0.003604594330400782,0.10896384010298515,0.01845320591177862,0.9886713170482792,0.9927916344702389,1.2391304347826086,0,classic,1.0,0.3,0.3,False,n/a,n/a,n/a,n/a,n/a,n/a,n/a,n/a,n/a,n/a,n/a,n/a,n/a,n/a,n/a,n/a,n/a,n/a,n/a
PM8_P2_network,S2,433399445,200,False,PD_classic,9.0,5.0,1.0,0.0,True,0.0,0.5,100,5,30,0.1,100000,0.0,0.0,1.0,0.0,0.0,0.0,0.0,1.0,0.0,1.3158312112848092,0.0,1.3158312112848092,4.99,19.77,96.0054772458838,0.995,True,True,0.0014514058056129685,490,baseline,1024,1888,3.6875,23.17564027370479,0.003604594330400782,0.10896384010298515,0.01845320591177862,0.9875755393604638,0.9918678453800824,1.2790697674418605,0,classic,1.0,0.3,0.3,False,n/a,n/a,n/a,n/a,n/a,n/a,n/a,n/a,n/a,n/a,n/a,n/a,n/a,n/a,n/a,n/a,n/a,n/a,n/a
PM8_P2_network,S2,2121129191,200,False,PD_classic,9.0,5.0,1.0,0.0,True,0.0,0.5,100,5,30,2.0,100000,0.0,0.0,1.0,0.0,0.0,0.0,0.0,1.0,0.0,1.0636781748717847,0.0,1.0636781748717847,5.0,162.59,14.030818766558546,1.0,True,True,0.0,412,baseline,1024,1888,3.6875,23.17564027370479,0.003604594330400782,0.10896384010298515,0.01845320591177862,0.7758305536263718,0.9691140651791518,5.555555555555555,0,classic,1.0,0.3,0.3,False,n/a,n/a,n/a,n/a,n/a,n/a,n/a,n/a,n/a,n/a,n/a,n/a,n/a,n/a,n/a,n/a,n/a,n/a,n/a
PM8_P2_network,S2,686818433,200,False,PD_classic,9.0,5.0,1.0,0.0,True,0.0,0.5,100,5,30,2.0,100000,0.0,0.0,1.0,0.0,0.0,0.0,0.0,1.0,0.0,1.0611726116386526,0.0,1.0611726116386526,5.0,162.65,14.037929821046612,1.0,True,True,0.0,335,baseline,1024,1888,3.6875,23.17564027370479,0.003604594330400782,0.10896384010298515,0.01845320591177862,0.7750731636766345,0.9719305032645246,5.125628140703518,0,classic,1.0,0.3,0.3,False,n/a,n/a,n/a,n/a,n/a,n/a,n/a,n/a,n/a,n/a,n/a,n/a,n/a,n/a,n/a,n/a,n/a,n/a,n/a
PM8_P2_network,S2,744720527,200,False,PD_classic,9.0,5.0,1.0,0.0,True,0.0,0.5,100,5,30,2.0,100000,0.0,0.0,1.0,0.0,0.0,0.0,0.0,1.0,0.0,1.0566465025320413,0.0,1.0566465025320413,5.0,161.67,14.026595211577828,1.0,True,True,0.0,349,baseline,1024,1888,3.6875,23.17564027370479,0.003604594330400782,0.10896384010298515,0.01845320591177862,0.7805451613550546,0.9701026122650577,5.085427135678392,0,classic,1.0,0.3,0.3,False,n/a,n/a,n/a,n/a,n/a,n/a,n/a,n/a,n/a,n/a,n/a,n/a,n/a,n/a,n/a,n/a,n/a,n/a,n/a
PM8_P2_network,S2,381425458,200,False,PD_classic,9.0,5.0,1.0,0.0,True,0.0,0.5,100,5,30,2.0,100000,0.0,0.0,1.0,0.0,0.0,0.0,0.0,1.0,0.0,1.0834615277653414,0.0,1.0834615277653414,5.0,163.49,14.05945042871581,1.0,True,True,0.0,433,baseline,1024,1888,3.6875,23.17564027370479,0.003604594330400782,0.10896384010298515,0.01845320591177862,0.7864265710883537,0.9705729151603266,5.303030303030303,0,classic,1.0,0.3,0.3,False,n/a,n/a,n/a,n/a,n/a,n/a,n/a,n/a,n/a,n/a,n/a,n/a,n/a,n/a,n/a,n/a,n/a,n/a,n/a
PM8_P2_network,S2,1669164794,200,False,PD_classic,9.0,5.0,1.0,0.0,True,0.0,0.5,100,5,30,2.0,100000,0.0,0.0,1.0,0.0,0.0,0.0,0.0,1.0,0.0,1.067341362086415,0.0,1.067341362086415,5.0,162.15,14.075527991011851,1.0,True,True,0.0,374,baseline,1024,1888,3.6875,23.17564027370479,0.003604594330400782,0.10896384010298515,0.01845320591177862,0.7818359795651222,0.9673465131546349,5.401015228426396,0,classic,1.0,0.3,0.3,False,n/a,n/a,n/a,n/a,n/a,n/a,n/a,n/a,n/a,n/a,n/a,n/a,n/a,n/a,n/a,n/a,n/a,n/a,n/a
PM8_P2_network,S2,1620985466,200,False,PD_classic,9.0,5.0,1.0,0.0,True,0.0,0.5,100,5,30,2.0,100000,0.0,0.0,1.0,0.0,0.0,0.0,0.0,1.0,0.0,1.058710987114637,0.0,1.058710987114637,5.0,162.85,14.052667060556564,1.0,True,True,0.0,353,baseline,1024,1888,3.6875,23.17564027370479,0.003604594330400782,0.10896384010298515,0.01845320591177862,0.773252660160122,0.9738010756550222,5.86,0,classic,1.0,0.3,0.3,False,n/a,n/a,n/a,n/a,n/a,n/a,n/a,n/a,n/a,n/a,n/a,n/a,n/a,n/a,n/a,n/a,n/a,n/a,n/a
PM8_P2_network,S2,798359651,200,False,PD_classic,9.0,5.0,1.0,0.0,True,0.0,0.5,100,5,30,2.0,100000,0.0,0.0,1.0,0.0,0.0,0.0,0.0,1.0,0.0,1.070296071656066,0.0,1.070296071656066,5.0,160.68,14.196228833611825,1.0,True,True,0.0,380,baseline,1024,1888,3.6875,23.17564027370479,0.003604594330400782,0.10896384010298515,0.01845320591177862,0.8058938357402065,0.9761208980329222,5.346733668341709,0,classic,1.0,0.3,0.3,False,n/a,n/a,n/a,n/a,n/a,n/a,n/a,n/a,n/a,n/a,n/a,n/a,n/a,n/a,n/a,n/a,n/a,n/a,n/a
PM8_P2_network,S2,126337246,200,False,PD_classic,9.0,5.0,1.0,0.0,True,0.0,0.5,100,5,30,2.0,100000,0.0,0.0,1.0,0.0,0.0,0.0,0.0,1.0,0.0,1.0586308485443279,0.0,1.0586308485443279,5.0,160.97,14.24174784053239,1.0,True,True,0.0,346,baseline,1024,1888,3.6875,23.17564027370479,0.003604594330400782,0.10896384010298515,0.01845320591177862,0.7925780763782658,0.9633828020185452,4.98,0,classic,1.0,0.3,0.3,False,n/a,n/a,n/a,n/a,n/a,n/a,n/a,n/a,n/a,n/a,n/a,n/a,n/a,n/a,n/a,n/a,n/a,n/a,n/a
PM8_P2_network,S2,317149051,200,False,PD_classic,9.0,5.0,1.0,0.0,True,0.0,0.5,100,5,30,2.0,100000,0.0,0.0,1.0,0.0,0.0,0.0,0.0,1.0,0.0,1.0728037927987497,0.0,1.0728037927987497,5.0,161.56,14.061223536499753,1.0,True,True,0.0,407,baseline,1024,1888,3.6875,23.17564027370479,0.003604594330400782,0.10896384010298515,0.01845320591177862,0.776510785323138,0.9707882139554643,5.306532663316583,0,classic,1.0,0.3,0.3,False,n/a,n/a,n/a,n/a,n/a,n/a,n/a,n/a,n/a,n/a,n/a,n/a,n/a,n/a,n/a,n/a,n/a,n/a,n/a
PM8_P2_network,S2,433399445,200,False,PD_classic,9.0,5.0,1.0,0.0,True,0.0,0.5,100,5,30,2.0,100000,0.0,0.0,1.0,0.0,0.0,0.0,0.0,1.0,0.0,1.066875466674842,0.0,1.066875466674842,5.0,162.53,14.040850836458072,1.0,True,True,0.0,359,baseline,1024,1888,3.6875,23.17564027370479,0.003604594330400782,0.10896384010298515,0.01845320591177862,0.7717814786329614,0.9666117122290089,5.49,0,classic,1.0,0.3,0.3,False,n/a,n/a,n/a,n/a,n/a,n/a,n/a,n/a,n/a,n/a,n/a,n/a,n/a,n/a,n/a,n/a,n/a,n/a,n/a
PM8_P2_network,S2,2121129191,200,False,PD_classic,9.0,5.0,1.0,0.0,True,0.0,0.5,100,5,30,0.1,100000,0.0,0.0,1.0,0.0,0.0,0.0,0.0,1.0,0.0,1.312189903926905,0.0,1.312189903926905,4.995,16.15,131.89057987863242,0.99,True,True,0.00015194460777843112,440,fragmented,1024,1510,2.94921875,25.72581622678397,0.002882911779081134,0.12811032933427496,0.020712430825958927,0.9870952310646068,0.9895520880389381,1.6161616161616161,378,classic,1.0,0.3,0.3,False,n/a,n/a,n/a,n/a,n/a,n/a,n/a,n/a,n/a,n/a,n/a,n/a,n/a,n/a,n/a,n/a,n/a,n/a,n/a
PM8_P2_network,S2,686818433,200,False,PD_classic,9.0,5.0,1.0,0.0,True,0.0,0.5,100,5,30,0.1,100000,0.0,0.0,1.0,0.0,0.0,0.0,0.0,1.0,0.0,1.450037229437586,0.0,1.450037229437586,4.995,16.64,123.36092988448085,0.995,True,True,0.00021933687734750938,578,fragmented,1024,1510,2.94921875,25.385171065493648,0.002882911779081134,0.14629755769191768,0.020550349468941385,0.9587204336284721,0.962031236784488,1.3255813953488371,378,classic,1.0,0.3,0.3,False,n/a,n/a,n/a,n/a,n/a,n/a,n/a,n/a,n/a,n/a,n/a,n/a,n/a,n/a,n/a,n/a,n/a,n/a,n/a
PM8_P2_network,S2,744720527,200,False,PD_classic,9.0,5.0,1.0,0.0,True,0.0,0.5,100,5,30,0.1,100000,0.0,0.0,1.0,0.0,0.0,0.0,0.0,1.0,0.0,1.377502167343784,0.0,1.377502167343784,4.97,16.77,131.33078431957648,0.975,True,True,0.0002082248328993316,490,fragmented,1024,1510,2.94921875,25.893880742913,0.002882911779081134,0.1399992169640479,0.021047901237534708,0.978129639666044,0.9862802224587734,1.3409090909090908,378,classic,1.0,0.3,0.3,False,n/a,n/a,n/a,n/a,n/a,n/a,n/a,n/a,n/a,n/a,n/a,n/a,n/a,n/a,n/a,n/a,n/a,n/a,n/a
PM8_P2_network,S2,381425458,200,False,PD_classic,9.0,5.0,1.0,0.0,True,0.0,0.5,100,5,30,0.1,100000,0.0,0.0,0.9949999999999999,0.0,0.0,0.0,0.004999999999999999,1.0,0.0,1.3809400444797573,0.0,1.3809400444797573,4.97,18.47,123.37428623729792,0.985,False,True,0.00791599966398181,432,fragmented,1024,1510,2.94921875,25.210312805474096,0.002882911779081134,0.14113566741277134,0.020271512818912554,0.9853091341693001,0.9880961205331515,1.3061224489795917,378,classic,1.0,0.3,0.3,False,n/a,n/a,n/a,n/a,n/a,n/a,n/a,n/a,n/a,n/a,n/a,n/a,n/a,n/a,n/a,n/a,n/a,n/a,n/a
PM8_P2_network,S2,1669164794,200,False,PD_classic,9.0,5.0,1.0,0.0,True,0.0,0.5,100,5,30,0.1,100000,0.0,0.0,1.0,0.0,0.0,0.0,0.0,1.0,0.0,1.3864245289189536,0.0,1.3864245289189536,4.99,17.08,120.39270653168003,0.985,True,True,0.0009600038400146276,561,fragmented,1024,1510,2.94921875,25.596852394916912,0.002882911779081134,0.11571036413234588,0.020411774597658947,0.9864171628829685,0.9906010237676155,1.5632183908045978,378,classic,1.0,0.3,0.3,False,n/a,n/a,n/a,n/a,n/a,n/a,n/a,n/a,n/a,n/a,n/a,n/a,n/a,n/a,n/a,n/a,n/a,n/a,n/a
PM8_P2_network,S2,1620985466,200,False,PD_classic,9.0,5.0,1.0,0.0,True,0.0,0.5,100,5,30,0.1,100000,0.0,0.0,1.0,0.0,0.0,0.0,0.0,1.0,0.0,1.5052033371490794,0.0,1.5052033371490794,4.99,15.84,127.7351985022218,0.99,True,True,0.003764655058619502,556,fragmented,1024,1510,2.94921875,25.94117302052786,0.002882911779081134,0.1711051157051785,0.020626699311744757,0.9842942199780867,0.9888981808320476,1.2954545454545454,378,classic,1.0,0.3,0.3,False,n/a,n/a,n/a,n/a,n/a,n/a,n/a,n/a,n/a,n/a,n/a,n/a,n/a,n/a,n/a,n/a,n/a,n/a,n/a
PM8_P2_network,S2,798359651,200,False,PD_classic,9.0,5.0,1.0,0.0,True,0.0,0.5,100,5,30,0.1,100000,0.0,0.0,1.0,0.0,0.0,0.0,0.0,1.0,0.0,1.6557336030221887,0.0,1.6557336030221887,5.0,16.24,130.43018739116238,1.0,True,False,0.02082497929991207,614,fragmented,1024,1510,2.94921875,25.36996089931574,0.002882911779081134,0.14280181479220427,0.020576710433751727,0.9832267016418478,0.9890899482940072,1.3176470588235294,378,classic,1.0,0.3,0.3,False,n/a,n/a,n/a,n/a,n/a,n/a,n/a,n/a,n/a,n/a,n/a,n/a,n/a,n/a,n/a,n/a,n/a,n/a,n/a
PM8_P2_network,S2,126337246,200,False,PD_classic,9.0,5.0,1.0,0.0,True,0.0,0.5,100,5,30,0.1,100000,0.0,0.0,0.99,0.0,0.0,0.009999999999999998,0.0,1.0,0.0,1.3080638226069996,0.0,1.3449831843809297,4.98,16.53,122.80183253768163,0.99,False,True,0.002348169392654133,494,fragmented,1024,1510,2.94921875,25.502316715542523,0.002882911779081134,0.12188790889841442,0.02046492245740339,0.9898947631863402,0.9935053566227794,1.431578947368421,378,classic,1.0,0.3,0.3,False,n/a,n/a,n/a,n/a,n/a,n/a,n/a,n/a,n/a,n/a,n/a,n/a,n/a,n/a,n/a,n/a,n/a,n/a,n/a
PM8_P2_network,S2,317149051,200,False,PD_classic,9.0,5.0,1.0,0.0,True,0.0,0.5,100,5,30,0.1,100000,0.0,0.0,1.0,0.0,0.0,0.0,0.0,1.0,0.0,1.4790499974933349,0.0,1.4790499974933349,5.0,17.48,119.6618628355449,1.0,True,True,0.002893547574189564,582,fragmented,1024,1510,2.94921875,25.344418377321603,0.002882911779081134,0.11735323838257146,0.020421221653079975,0.9880436594941598,0.9934448864577201,1.2747252747252746,378,classic,1.0,0.3,0.3,False,n/a,n/a,n/a,n/a,n/a,n/a,n/a,n/a,n/a,n/a,n/a,n/a,n/a,n/a,n/a,n/a,n/a,n/a,n/a
PM8_P2_network,S2,433399445,200,False,PD_classic,9.0,5.0,1.0,0.0,True,0.0,0.5,100,5,30,0.1,100000,0.0,0.0,1.0,0.0,0.0,0.0,0.0,1.0,0.0,1.3217739175669934,0.0,1.3217739175669934,4.99,17.2,120.11622548437937,0.99,True,True,0.0012879411517565504,420,fragmented,1024,1510,2.94921875,25.717996089931574,0.002882911779081134,0.13471860670552965,0.02095950205570321,0.9861720219719965,0.9882354833484893,1.2083333333333333,378,classic,1.0,0.3,0.3,False,n/a,n/a,n/a,n/a,n/a,n/a,n/a,n/a,n/a,n/a,n/a,n/a,n/a,n/a,n/a,n/a,n/a,n/a,n/a
PM8_P2_network,S2,2121129191,200,False,PD_classic,9.0,5.0,1.0,0.0,True,0.0,0.5,100,5,30,2.0,100000,0.0,0.0,1.0,0.0,0.0,0.0,0.0,1.0,0.0,1.0586195899769275,0.0,1.0586195899769275,5.0,145.2,17.40788213115569,1.0,True,True,0.0,403,fragmented,1024,1510,2.94921875,25.72581622678397,0.002882911779081134,0.12811032933427496,0.020712430825958927,0.8519801420751967,0.9775494490686316,4.410256410256411,378,classic,1.0,0.3,0.3,False,n/a,n/a,n/a,n/a,n/a,n/a,n/a,n/a,n/a,n/a,n/a,n/a,n/a,n/a,n/a,n/a,n/a,n/a,n/a
PM8_P2_network,S2,686818433,200,False,PD_classic,9.0,5.0,1.0,0.0,True,0.0,0.5,100,5,30,2.0,100000,0.0,0.0,1.0,0.0,0.0,0.0,0.0,1.0,0.0,1.0718631902127154,0.0,1.0718631902127154,5.0,142.93,17.072022893575635,1.0,True,True,0.0,395,fragmented,1024,1510,2.94921875,25.385171065493648,0.002882911779081134,0.14629755769191768,0.020550349468941385,0.8293103255237461,0.9691450035529118,4.603015075376884,378,classic,1.0,0.3,0.3,False,n/a,n/a,n/a,n/a,n/a,n/a,n/a,n/a,n/a,n/a,n/a,n/a,n/a,n/a,n/a,n/a,n/a,n/a,n/a
PM8_P2_network,S2,381425458,200,False,PD_classic,9.0,5.0,1.0,0.0,True,0.0,0.5,100,5,30,2.0,100000,0.0,0.0,1.0,0.0,0.0,0.0,0.0,1.0,0.0,1.066080407595879,0.0,1.066080407595879,5.0,147.99,16.695005439210686,1.0,True,True,0.0,399,fragmented,1024,1510,2.94921875,25.210312805474096,0.002882911779081134,0.14113566741277134,0.020271512818912554,0.8104403172904405,0.9590134923571793,5.238578680203045,378,classic,1.0,0.3,0.3,False,n/a,n/a,n/a,n/a,n/a,n/a,n/a,n/a,n/a,n/a,n/a,n/a,n/a,n/a,n/a,n/a,n/a,n/a,n/a
PM8_P2_network,S2,744720527,200,False,PD_classic,9.0,5.0,1.0,0.0,True,0.0,0.5,100,5,30,2.0,100000,0.0,0.0,1.0,0.0,0.0,0.0,0.0,1.0,0.0,1.075810538275732,0.0,1.075810538275732,5.0,144.7,17.564398130406406,1.0,True,True,0.0,484,fragmented,1024,1510,2.94921875,25.893880742913,0.002882911779081134,0.1399992169640479,0.021047901237534708,0.8043345622299456,0.9558569242854896,5.309644670050761,378,classic,1.0,0.3,0.3,False,n/a,n/a,n/a,n/a,n/a,n/a,n/a,n/a,n/a,n/a,n/a,n/a,n/a,n/a,n/a,n/a,n/a,n/a,n/a
PM8_P2_network,S2,1620985466,200,False,PD_classic,9.0,5.0,1.0,0.0,True,0.0,0.5,100,5,30,2.0,100000,0.0,0.0,1.0,0.0,0.0,0.0,0.0,1.0,0.0,1.0798508244442222,0.0,1.0798508244442222,5.0,144.05,17.14517569378653,1.0,True,True,0.0,452,fragmented,1024,1510,2.94921875,25.94117302052786,0.002882911779081134,0.1711051157051785,0.020626699311744757,0.823045402309846,0.9637827448542682,4.812182741116751,378,classic,1.0,0.3,0.3,False,n/a,n/a,n/a,n/a,n/a,n/a,n/a,n/a,n/a,n/a,n/a,n/a,n/a,n/a,n/a,n/a,n/a,n/a,n/a
PM8_P2_network,S2,1669164794,200,False,PD_classic,9.0,5.0,1.0,0.0,True,0.0,0.5,100,5,30,2.0,100000,0.0,0.0,1.0,0.0,0.0,0.0,0.0,1.0,0.0,1.0523064028592721,0.0,1.0523064028592721,5.0,146.01,16.967170986050032,1.0,True,True,0.0,349,fragmented,1024,1510,2.94921875,25.596852394916912,0.002882911779081134,0.11571036413234588,0.020411774597658947,0.8187193758731902,0.9640398159593089,4.944723618090452,378,classic,1.0,0.3,0.3,False,n/a,n/a,n/a,n/a,n/a,n/a,n/a,n/a,n/a,n/a,n/a,n/a,n/a,n/a,n/a,n/a,n/a,n/a,n/a
PM8_P2_network,S2,126337246,200,False,PD_classic,9.0,5.0,1.0,0.0,True,0.0,0.5,100,5,30,2.0,100000,0.0,0.0,1.0,0.0,0.0,0.0,0.0,1.0,0.0,1.074016402345236,0.0,1.074016402345236,5.0,145.92,17.145270297131628,1.0,True,True,0.0,433,fragmented,1024,1510,2.94921875,25.502316715542523,0.002882911779081134,0.12188790889841442,0.02046492245740339,0.8175669055894427,0.9683096433214975,4.8040201005025125,378,classic,1.0,0.3,0.3,False,n/a,n/a,n/a,n/a,n/a,n/a,n/a,n/a,n/a,n/a,n/a,n/a,n/a,n/a,n/a,n/a,n/a,n/a,n/a
PM8_P2_network,S2,798359651,200,False,PD_classic,9.0,5.0,1.0,0.0,True,0.0,0.5,100,5,30,2.0,100000,0.0,0.0,1.0,0.0,0.0,0.0,0.0,1.0,0.0,1.087801051982058,0.0,1.087801051982058,5.0,145.44,17.172807973748917,1.0,True,True,0.0,460,fragmented,1024,1510,2.94921875,25.36996089931574,0.002882911779081134,0.14280181479220427,0.020576710433751727,0.8059853733510007,0.9657230104480541,5.123711340206185,378,classic,1.0,0.3,0.3,False,n/a,n/a,n/a,n/a,n/a,n/a,n/a,n/a,n/a,n/a,n/a,n/a,n/a,n/a,n/a,n/a,n/a,n/a,n/a
PM8_P2_network,S2,317149051,200,False,PD_classic,9.0,5.0,1.0,0.0,True,0.0,0.5,100,5,30,2.0,100000,0.0,0.0,1.0,0.0,0.0,0.0,0.0,1.0,0.0,1.065716895394567,0.0,1.065716895394567,5.0,147.72,16.692658494142524,1.0,True,True,0.0,421,fragmented,1024,1510,2.94921875,25.344418377321603,0.002882911779081134,0.11735323838257146,0.020421221653079975,0.8146254429211526,0.9720494915184966,4.964467005076142,378,classic,1.0,0.3,0.3,False,n/a,n/a,n/a,n/a,n/a,n/a,n/a,n/a,n/a,n/a,n/a,n/a,n/a,n/a,n/a,n/a,n/a,n/a,n/a
PM8_P2_network,S2,2121129191,200,False,PD_classic,9.0,5.0,1.0,0.0,True,0.0,0.5,100,5,30,0.1,100000,0.0,0.0,1.0,0.0,0.0,0.0,0.0,1.0,0.0,1.414799691154669,0.0,1.414799691154669,5.0,20.43,94.78670779192973,1.0,True,True,0.001354565418261673,579,connected,1024,1908,3.7265625,22.59355816226784,0.0036427785923753664,0.11047973273294646,0.017992639075600707,0.9791524073228606,0.9823108189650138,1.3263157894736841,0,classic,1.0,0.3,0.3,False,n/a,n/a,n/a,n/a,n/a,n/a,n/a,n/a,n/a,n/a,n/a,n/a,n/a,n/a,n/a,n/a,n/a,n/a,n/a
PM8_P2_network,S2,433399445,200,False,PD_classic,9.0,5.0,1.0,0.0,True,0.0,0.5,100,5,30,2.0,100000,0.0,0.0,1.0,0.0,0.0,0.0,0.0,1.0,0.0,1.0639779163693661,0.0,1.0639779163693661,5.0,143.4,17.553789907948,1.0,True,True,0.0,401,fragmented,1024,1510,2.94921875,25.717996089931574,0.002882911779081134,0.13471860670552965,0.02095950205570321,0.8242990464326488,0.9703172551393185,4.824120603015075,378,classic,1.0,0.3,0.3,False,n/a,n/a,n/a,n/a,n/a,n/a,n/a,n/a,n/a,n/a,n/a,n/a,n/a,n/a,n/a,n/a,n/a,n/a,n/a
PM8_P2_network,S2,686818433,200,False,PD_classic,9.0,5.0,1.0,0.0,True,0.0,0.5,100,5,30,0.1,100000,0.0,0.0,1.0,0.0,0.0,0.0,0.0,1.0,0.0,1.3118108021359745,0.0,1.3118108021359745,5.0,19.63,93.8391104868819,1.0,True,True,0.0,489,connected,1024,1908,3.7265625,22.68184750733138,0.0036427785923753664,0.09964303509625747,0.018069511990485933,0.9748705455854653,0.980794231519549,1.3571428571428572,0,classic,1.0,0.3,0.3,False,n/a,n/a,n/a,n/a,n/a,n/a,n/a,n/a,n/a,n/a,n/a,n/a,n/a,n/a,n/a,n/a,n/a,n/a,n/a
PM8_P2_network,S2,744720527,200,False,PD_classic,9.0,5.0,1.0,0.0,True,0.0,0.5,100,5,30,0.1,100000,0.0,0.0,1.0,0.0,0.0,0.0,0.0,1.0,0.0,1.222350116834422,0.0,1.222350116834422,4.985,19.58,98.31549930909777,0.985,True,True,0.00012909651638606554,402,connected,1024,1908,3.7265625,22.703020527859238,0.0036427785923753664,0.12093742773809137,0.01794714488128238,0.9759377344326639,0.9820187085775781,1.3186813186813187,0,classic,1.0,0.3,0.3,False,n/a,n/a,n/a,n/a,n/a,n/a,n/a,n/a,n/a,n/a,n/a,n/a,n/a,n/a,n/a,n/a,n/a,n/a,n/a
PM8_P2_network,S2,381425458,200,False,PD_classic,9.0,5.0,1.0,0.0,True,0.0,0.5,100,5,30,0.1,100000,0.0,0.0,1.0,0.0,0.0,0.0,0.0,1.0,0.0,1.2243831210488507,0.0,1.2243831210488507,5.0,20.9,93.78474915920137,0.995,True,True,0.0,411,connected,1024,1908,3.7265625,22.678748778103618,0.0036427785923753664,0.13822503935242955,0.018021477160341432,0.9822154358556464,0.9838220211663179,1.2941176470588236,0,classic,1.0,0.3,0.3,False,n/a,n/a,n/a,n/a,n/a,n/a,n/a,n/a,n/a,n/a,n/a,n/a,n/a,n/a,n/a,n/a,n/a,n/a,n/a
PM8_P2_network,S2,1620985466,200,False,PD_classic,9.0,5.0,1.0,0.0,True,0.0,0.5,100,5,30,0.1,100000,0.0,0.0,1.0,0.0,0.0,0.0,0.0,1.0,0.0,1.4085858387833636,0.0,1.4085858387833636,5.0,19.59,97.67761947014547,1.0,True,True,4.761619046476186e-05,546,connected,1024,1908,3.7265625,22.67199413489736,0.0036427785923753664,0.12368217976172854,0.0179617143068763,0.9831587568093474,0.9864972164629832,1.6,0,classic,1.0,0.3,0.3,False,n/a,n/a,n/a,n/a,n/a,n/a,n/a,n/a,n/a,n/a,n/a,n/a,n/a,n/a,n/a,n/a,n/a,n/a,n/a
PM8_P2_network,S2,1669164794,200,False,PD_classic,9.0,5.0,1.0,0.0,True,0.0,0.5,100,5,30,0.1,100000,0.0,0.0,1.0,0.0,0.0,0.0,0.0,1.0,0.0,1.251397194429536,0.0,1.251397194429536,5.0,20.74,96.5965006061546,1.0,True,True,0.0,462,connected,1024,1908,3.7265625,22.803567937438906,0.0036427785923753664,0.10968823393764451,0.01816697713236461,0.9703186925389541,0.9724751510318183,1.3333333333333333,0,classic,1.0,0.3,0.3,False,n/a,n/a,n/a,n/a,n/a,n/a,n/a,n/a,n/a,n/a,n/a,n/a,n/a,n/a,n/a,n/a,n/a,n/a,n/a
PM8_P2_network,S2,798359651,200,False,PD_classic,9.0,5.0,1.0,0.0,True,0.0,0.5,100,5,30,0.1,100000,0.0,0.0,1.0,0.0,0.0,0.0,0.0,1.0,0.0,1.3827930683582634,0.0,1.3827930683582634,5.0,19.32,96.95009343901835,1.0,True,True,0.0,544,connected,1024,1908,3.7265625,22.631104594330402,0.0036427785923753664,0.11857835447202564,0.018059028131474114,0.9891385234546621,0.9906545653055783,1.3793103448275863,0,classic,1.0,0.3,0.3,False,n/a,n/a,n/a,n/a,n/a,n/a,n/a,n/a,n/a,n/a,n/a,n/a,n/a,n/a,n/a,n/a,n/a,n/a,n/a
PM8_P2_network,S2,126337246,200,False,PD_classic,9.0,5.0,1.0,0.0,True,0.0,0.5,100,5,30,0.1,100000,0.0,0.0,1.0,0.0,0.0,0.0,0.0,1.0,0.0,1.2887058769635322,0.0,1.2887058769635322,5.0,19.42,96.52512210788939,1.0,True,True,0.0,435,connected,1024,1908,3.7265625,22.548924731182797,0.0036427785923753664,0.16618649848249925,0.01789874390068063,0.9848616736464592,0.9893600191536779,1.3670886075949367,0,classic,1.0,0.3,0.3,False,n/a,n/a,n/a,n/a,n/a,n/a,n/a,n/a,n/a,n/a,n/a,n/a,n/a,n/a,n/a,n/a,n/a,n/a,n/a
PM8_P2_network,S2,317149051,200,False,PD_classic,9.0,5.0,1.0,0.0,True,0.0,0.5,100,5,30,0.1,100000,0.0,0.0,1.0,0.0,0.0,0.0,0.0,1.0,0.0,1.2975943439500126,0.0,1.2975943439500126,5.0,19.16,99.0169565297269,1.0,True,True,0.0,504,connected,1024,1908,3.7265625,22.740224828934505,0.0036427785923753664,0.1081279941882244,0.01813791674198908,0.9811007535664779,0.9939776170993568,1.2421052631578948,0,classic,1.0,0.3,0.3,False,n/a,n/a,n/a,n/a,n/a,n/a,n/a,n/a,n/a,n/a,n/a,n/a,n/a,n/a,n/a,n/a,n/a,n/a,n/a
PM8_P2_network,S2,433399445,200,False,PD_classic,9.0,5.0,1.0,0.0,True,0.0,0.5,100,5,30,0.1,100000,0.0,0.0,1.0,0.0,0.0,0.0,0.0,1.0,0.0,1.276607118158461,0.0,1.276607118158461,5.0,19.99,99.09210229240654,1.0,True,True,0.0,422,connected,1024,1908,3.7265625,22.742160312805474,0.0036427785923753664,0.12431349120426402,0.018135708630557842,0.9907548063073393,0.9931524788595061,1.1685393258426966,0,classic,1.0,0.3,0.3,False,n/a,n/a,n/a,n/a,n/a,n/a,n/a,n/a,n/a,n/a,n/a,n/a,n/a,n/a,n/a,n/a,n/a,n/a,n/a
PM8_P2_network,S2,2121129191,200,False,PD_classic,9.0,5.0,1.0,0.0,True,0.0,0.5,100,5,30,2.0,100000,0.0,0.0,1.0,0.0,0.0,0.0,0.0,1.0,0.0,1.058800693235598,0.0,1.058800693235598,5.0,161.48,14.198125944852325,1.0,True,True,0.0,367,connected,1024,1908,3.7265625,22.59355816226784,0.0036427785923753664,0.11047973273294646,0.017992639075600707,0.7784799199803877,0.9685156732753762,5.407035175879397,0,classic,1.0,0.3,0.3,False,n/a,n/a,n/a,n/a,n/a,n/a,n/a,n/a,n/a,n/a,n/a,n/a,n/a,n/a,n/a,n/a,n/a,n/a,n/a
PM8_P2_network,S2,686818433,200,False,PD_classic,9.0,5.0,1.0,0.0,True,0.0,0.5,100,5,30,2.0,100000,0.0,0.0,1.0,0.0,0.0,0.0,0.0,1.0,0.0,1.0689552648779472,0.0,1.0689552648779472,5.0,163.32,13.966417076719951,1.0,True,True,0.0,390,connected,1024,1908,3.7265625,22.68184750733138,0.0036427785923753664,0.09964303509625747,0.018069511990485933,0.781560591614828,0.973810092203078,5.441624365482234,0,classic,1.0,0.3,0.3,False,n/a,n/a,n/a,n/a,n/a,n/a,n/a,n/a,n/a,n/a,n/a,n/a,n/a,n/a,n/a,n/a,n/a,n/a,n/a
PM8_P2_network,S2,744720527,200,False,PD_classic,9.0,5.0,1.0,0.0,True,0.0,0.5,100,5,30,2.0,100000,0.0,0.0,1.0,0.0,0.0,0.0,0.0,1.0,0.0,1.0656134803886579,0.0,1.0656134803886579,5.0,162.13,14.081735114045962,1.0,True,True,0.0,393,connected,1024,1908,3.7265625,22.703020527859238,0.0036427785923753664,0.12093742773809137,0.01794714488128238,0.7840190381958303,0.9659705032585997,5.155778894472362,0,classic,1.0,0.3,0.3,False,n/a,n/a,n/a,n/a,n/a,n/a,n/a,n/a,n/a,n/a,n/a,n/a,n/a,n/a,n/a,n/a,n/a,n/a,n/a
PM8_P2_network,S2,381425458,200,False,PD_classic,9.0,5.0,1.0,0.0,True,0.0,0.5,100,5,30,2.0,100000,0.0,0.0,1.0,0.0,0.0,0.0,0.0,1.0,0.0,1.0658802975635056,0.0,1.0658802975635056,5.0,162.42,14.048539450909164,1.0,True,True,0.0,400,connected,1024,1908,3.7265625,22.678748778103618,0.0036427785923753664,0.13822503935242955,0.018021477160341432,0.7709681541579171,0.9694806077391006,5.94949494949495,0,classic,1.0,0.3,0.3,False,n/a,n/a,n/a,n/a,n/a,n/a,n/a,n/a,n/a,n/a,n/a,n/a,n/a,n/a,n/a,n/a,n/a,n/a,n/a
PM8_P2_network,S2,1620985466,200,False,PD_classic,9.0,5.0,1.0,0.0,True,0.0,0.5,100,5,30,2.0,100000,0.0,0.0,1.0,0.0,0.0,0.0,0.0,1.0,0.0,1.0577043362764753,0.0,1.0577043362764753,5.0,159.86,14.227807808418145,1.0,True,True,0.0,364,connected,1024,1908,3.7265625,22.67199413489736,0.0036427785923753664,0.12368217976172854,0.0179617143068763,0.7777540520245382,0.9609597734550381,5.035175879396985,0,classic,1.0,0.3,0.3,False,n/a,n/a,n/a,n/a,n/a,n/a,n/a,n/a,n/a,n/a,n/a,n/a,n/a,n/a,n/a,n/a,n/a,n/a,n/a
PM8_P2_network,S2,1669164794,200,False,PD_classic,9.0,5.0,1.0,0.0,True,0.0,0.5,100,5,30,2.0,100000,0.0,0.0,1.0,0.0,0.0,0.0,0.0,1.0,0.0,1.0617765787154814,0.0,1.0617765787154814,5.0,163.23,14.086803647212857,1.0,True,True,0.0,371,connected,1024,1908,3.7265625,22.803567937438906,0.0036427785923753664,0.10968823393764451,0.01816697713236461,0.7789189068590865,0.9691479161453094,5.59,0,classic,1.0,0.3,0.3,False,n/a,n/a,n/a,n/a,n/a,n/a,n/a,n/a,n/a,n/a,n/a,n/a,n/a,n/a,n/a,n/a,n/a,n/a,n/a
PM8_P2_network,S2,798359651,200,False,PD_classic,9.0,5.0,1.0,0.0,True,0.0,0.5,100,5,30,2.0,100000,0.0,0.0,1.0,0.0,0.0,0.0,0.0,1.0,0.0,1.072821979169317,0.0,1.072821979169317,5.0,162.47,13.956367682803815,1.0,True,True,0.0,376,connected,1024,1908,3.7265625,22.631104594330402,0.0036427785923753664,0.11857835447202564,0.018059028131474114,0.7758933722266197,0.9678393822772872,4.974874371859296,0,classic,1.0,0.3,0.3,False,n/a,n/a,n/a,n/a,n/a,n/a,n/a,n/a,n/a,n/a,n/a,n/a,n/a,n/a,n/a,n/a,n/a,n/a,n/a
PM8_P2_network,S2,126337246,200,False,PD_classic,9.0,5.0,1.0,0.0,True,0.0,0.5,100,5,30,2.0,100000,0.0,0.0,1.0,0.0,0.0,0.0,0.0,1.0,0.0,1.0717755078354028,0.0,1.0717755078354028,5.0,163.56,14.206474058524886,1.0,True,True,0.0,409,connected,1024,1908,3.7265625,22.548924731182797,0.0036427785923753664,0.16618649848249925,0.01789874390068063,0.7798319138152482,0.976129864109908,5.626262626262626,0,classic,1.0,0.3,0.3,False,n/a,n/a,n/a,n/a,n/a,n/a,n/a,n/a,n/a,n/a,n/a,n/a,n/a,n/a,n/a,n/a,n/a,n/a,n/a
PM8_P2_network,S2,2121129191,200,False,PD_classic,9.0,5.0,1.0,0.0,True,0.0,0.5,100,15,30,0.1,100000,0.0,0.0,1.0,0.0,0.0,0.0,0.0,1.0,0.0,1.319327915028796,0.0,1.319327915028796,14.58,19.36,99.97703011837307,0.765,True,True,0.0016158304633218533,555,baseline,1024,1888,3.6875,23.17564027370479,0.003604594330400782,0.10896384010298515,0.01845320591177862,0.9852811665651824,0.9858835762037368,1.3012048192771084,0,classic,1.0,0.3,0.3,False,n/a,n/a,n/a,n/a,n/a,n/a,n/a,n/a,n/a,n/a,n/a,n/a,n/a,n/a,n/a,n/a,n/a,n/a,n/a
PM8_P2_network,S2,686818433,200,False,PD_classic,9.0,5.0,1.0,0.0,True,0.0,0.5,100,15,30,0.1,100000,0.0,0.0,1.0,0.0,0.0,0.0,0.0,1.0,0.0,1.323675926493993,0.0,1.323675926493993,14.53,19.95,98.260926900683,0.775,True,True,0.0,472,baseline,1024,1888,3.6875,23.17564027370479,0.003604594330400782,0.10896384010298515,0.01845320591177862,0.992325675698464,0.993027281129799,1.4864864864864864,0,classic,1.0,0.3,0.3,False,n/a,n/a,n/a,n/a,n/a,n/a,n/a,n/a,n/a,n/a,n/a,n/a,n/a,n/a,n/a,n/a,n/a,n/a,n/a
PM8_P2_network,S2,317149051,200,False,PD_classic,9.0,5.0,1.0,0.0,True,0.0,0.5,100,5,30,2.0,100000,0.0,0.0,1.0,0.0,0.0,0.0,0.0,1.0,0.0,1.0593133193724322,0.0,1.0593133193724322,5.0,161.72,14.195317098508227,1.0,True,True,0.0,334,connected,1024,1908,3.7265625,22.740224828934505,0.0036427785923753664,0.1081279941882244,0.01813791674198908,0.7900623789950333,0.9621903671327432,5.56,0,classic,1.0,0.3,0.3,False,n/a,n/a,n/a,n/a,n/a,n/a,n/a,n/a,n/a,n/a,n/a,n/a,n/a,n/a,n/a,n/a,n/a,n/a,n/a
PM8_P2_network,S2,433399445,200,False,PD_classic,9.0,5.0,1.0,0.0,True,0.0,0.5,100,5,30,2.0,100000,0.0,0.0,1.0,0.0,0.0,0.0,0.0,1.0,0.0,1.064895570670063,0.0,1.064895570670063,5.0,162.5,14.265197101659053,1.0,True,True,0.0,398,connected,1024,1908,3.7265625,22.742160312805474,0.0036427785923753664,0.12431349120426402,0.018135708630557842,0.772242878984454,0.9663030396581666,5.51,0,classic,1.0,0.3,0.3,False,n/a,n/a,n/a,n/a,n/a,n/a,n/a,n/a,n/a,n/a,n/a,n/a,n/a,n/a,n/a,n/a,n/a,n/a,n/a
PM8_P2_network,S2,744720527,200,False,PD_classic,9.0,5.0,1.0,0.0,True,0.0,0.5,100,15,30,0.1,100000,0.0,0.0,1.0,0.0,0.0,0.0,0.0,1.0,0.0,1.2226424887603016,0.0,1.2226424887603016,14.625,19.83,92.82767715503394,0.79,True,True,0.0012320449281775154,367,baseline,1024,1888,3.6875,23.17564027370479,0.003604594330400782,0.10896384010298515,0.01845320591177862,0.9896270173647106,0.9896270173647106,1.2941176470588236,0,classic,1.0,0.3,0.3,False,n/a,n/a,n/a,n/a,n/a,n/a,n/a,n/a,n/a,n/a,n/a,n/a,n/a,n/a,n/a,n/a,n/a,n/a,n/a
PM8_P2_network,S2,381425458,200,False,PD_classic,9.0,5.0,1.0,0.0,True,0.0,0.5,100,15,30,0.1,100000,0.0,0.0,1.0,0.0,0.0,0.0,0.0,1.0,0.0,1.2916239397463174,0.0,1.2916239397463174,14.645,19.47,97.99573307597697,0.795,True,True,0.0,436,baseline,1024,1888,3.6875,23.17564027370479,0.003604594330400782,0.10896384010298515,0.01845320591177862,0.9907879923149142,0.9907879923149142,1.2842105263157895,0,classic,1.0,0.3,0.3,False,n/a,n/a,n/a,n/a,n/a,n/a,n/a,n/a,n/a,n/a,n/a,n/a,n/a,n/a,n/a,n/a,n/a,n/a,n/a
PM8_P2_network,S2,1620985466,200,False,PD_classic,9.0,5.0,1.0,0.0,True,0.0,0.5,100,15,30,0.1,100000,0.0,0.0,1.0,0.0,0.0,0.0,0.0,1.0,0.0,1.2675660636780726,0.0,1.2675660636780726,14.75,19.99,93.62162090086477,0.83,True,True,0.0,478,baseline,1024,1888,3.6875,23.17564027370479,0.003604594330400782,0.10896384010298515,0.01845320591177862,0.9862765867285116,0.9873499401586752,1.3707865168539326,0,classic,1.0,0.3,0.3,False,n/a,n/a,n/a,n/a,n/a,n/a,n/a,n/a,n/a,n/a,n/a,n/a,n/a,n/a,n/a,n/a,n/a,n/a,n/a
PM8_P2_network,S2,1669164794,200,False,PD_classic,9.0,5.0,1.0,0.0,True,0.0,0.5,100,15,30,0.1,100000,0.0,0.0,1.0,0.0,0.0,0.0,0.0,1.0,0.0,1.2741284091510015,0.0,1.2741284091510015,14.455,20.3,96.6046530262247,0.75,True,True,0.0,490,baseline,1024,1888,3.6875,23.17564027370479,0.003604594330400782,0.10896384010298515,0.01845320591177862,0.9898778941341446,0.9902104515002903,1.3814432989690721,0,classic,1.0,0.3,0.3,False,n/a,n/a,n/a,n/a,n/a,n/a,n/a,n/a,n/a,n/a,n/a,n/a,n/a,n/a,n/a,n/a,n/a,n/a,n/a
PM8_P2_network,S2,798359651,200,False,PD_classic,9.0,5.0,1.0,0.0,True,0.0,0.5,100,15,30,0.1,100000,0.0,0.0,1.0,0.0,0.0,0.0,0.0,1.0,0.0,1.3201557177556378,0.0,1.3201557177556378,14.565,19.99,106.05460064180286,0.78,True,True,0.0,485,baseline,1024,1888,3.6875,23.17564027370479,0.003604594330400782,0.10896384010298515,0.01845320591177862,0.9877862345264091,0.9890074794160141,1.3846153846153846,0,classic,1.0,0.3,0.3,False,n/a,n/a,n/a,n/a,n/a,n/a,n/a,n/a,n/a,n/a,n/a,n/a,n/a,n/a,n/a,n/a,n/a,n/a,n/a
PM8_P2_network,S2,317149051,200,False,PD_classic,9.0,5.0,1.0,0.0,True,0.0,0.5,100,15,30,0.1,100000,0.0,0.0,1.0,0.0,0.0,0.0,0.0,1.0,0.0,1.250780164694015,0.0,1.250780164694015,14.64,18.81,100.51015109463513,0.79,True,True,0.0001405445621782487,400,baseline,1024,1888,3.6875,23.17564027370479,0.003604594330400782,0.10896384010298515,0.01845320591177862,0.991599616842689,0.9927916344702389,1.2391304347826086,0,classic,1.0,0.3,0.3,False,n/a,n/a,n/a,n/a,n/a,n/a,n/a,n/a,n/a,n/a,n/a,n/a,n/a,n/a,n/a,n/a,n/a,n/a,n/a
PM8_P2_network,S2,126337246,200,False,PD_classic,9.0,5.0,1.0,0.0,True,0.0,0.5,100,15,30,0.1,100000,0.0,0.0,1.0,0.0,0.0,0.0,0.0,1.0,0.0,1.4386894399652241,0.0,1.4386894399652241,14.57,18.4,99.73012952370519,0.765,True,True,0.0,568,baseline,1024,1888,3.6875,23.17564027370479,0.003604594330400782,0.10896384010298515,0.01845320591177862,0.9902754476185134,0.9922020670773701,1.3670886075949367,0,classic,1.0,0.3,0.3,False,n/a,n/a,n/a,n/a,n/a,n/a,n/a,n/a,n/a,n/a,n/a,n/a,n/a,n/a,n/a,n/a,n/a,n/a,n/a
PM8_P2_network,S2,433399445,200,False,PD_classic,9.0,5.0,1.0,0.0,True,0.0,0.5,100,15,30,0.1,100000,0.0,0.0,1.0,0.0,0.0,0.0,0.0,1.0,0.0,1.2841457473676188,0.0,1.2841457473676188,14.455,19.74,103.3808519268772,0.79,True,True,0.0,490,baseline,1024,1888,3.6875,23.17564027370479,0.003604594330400782,0.10896384010298515,0.01845320591177862,0.9565808968275816,0.9567597877041469,1.4186046511627908,0,classic,1.0,0.3,0.3,False,n/a,n/a,n/a,n/a,n/a,n/a,n/a,n/a,n/a,n/a,n/a,n/a,n/a,n/a,n/a,n/a,n/a,n/a,n/a
PM8_P2_network,S2,2121129191,200,False,PD_classic,9.0,5.0,1.0,0.0,True,0.0,0.5,100,15,30,2.0,100000,0.0,0.0,1.0,0.0,0.0,0.0,0.0,1.0,0.0,1.061002037269884,0.0,1.061002037269884,15.0,161.77,14.0339020745487,1.0,True,True,0.0,387,baseline,1024,1888,3.6875,23.17564027370479,0.003604594330400782,0.10896384010298515,0.01845320591177862,0.8280300152118768,0.9675877475222093,5.407035175879397,0,classic,1.0,0.3,0.3,False,n/a,n/a,n/a,n/a,n/a,n/a,n/a,n/a,n/a,n/a,n/a,n/a,n/a,n/a,n/a,n/a,n/a,n/a,n/a
PM8_P2_network,S2,686818433,200,False,PD_classic,9.0,5.0,1.0,0.0,True,0.0,0.5,100,15,30,2.0,100000,0.0,0.0,1.0,0.0,0.0,0.0,0.0,1.0,0.0,1.062979377400542,0.0,1.062979377400542,15.0,162.94,14.180452413179898,1.0,True,True,0.0,351,baseline,1024,1888,3.6875,23.17564027370479,0.003604594330400782,0.10896384010298515,0.01845320591177862,0.8056317645637224,0.9714087159052675,5.380710659898477,0,classic,1.0,0.3,0.3,False,n/a,n/a,n/a,n/a,n/a,n/a,n/a,n/a,n/a,n/a,n/a,n/a,n/a,n/a,n/a,n/a,n/a,n/a,n/a
PM8_P2_network,S2,744720527,200,False,PD_classic,9.0,5.0,1.0,0.0,True,0.0,0.5,100,15,30,2.0,100000,0.0,0.0,1.0,0.0,0.0,0.0,0.0,1.0,0.0,1.0554098540748322,0.0,1.0554098540748322,15.0,161.09,14.055681492148217,1.0,True,True,0.0,357,baseline,1024,1888,3.6875,23.17564027370479,0.003604594330400782,0.10896384010298515,0.01845320591177862,0.8188869711734593,0.9696155027744537,5.13265306122449,0,classic,1.0,0.3,0.3,False,n/a,n/a,n/a,n/a,n/a,n/a,n/a,n/a,n/a,n/a,n/a,n/a,n/a,n/a,n/a,n/a,n/a,n/a,n/a
PM8_P2_network,S2,381425458,200,False,PD_classic,9.0,5.0,1.0,0.0,True,0.0,0.5,100,15,30,2.0,100000,0.0,0.0,1.0,0.0,0.0,0.0,0.0,1.0,0.0,1.0784352837455053,0.0,1.0784352837455053,15.0,161.99,14.016024478593822,1.0,True,True,0.0,426,baseline,1024,1888,3.6875,23.17564027370479,0.003604594330400782,0.10896384010298515,0.01845320591177862,0.8039073183977612,0.9621247774279084,5.748743718592965,0,classic,1.0,0.3,0.3,False,n/a,n/a,n/a,n/a,n/a,n/a,n/a,n/a,n/a,n/a,n/a,n/a,n/a,n/a,n/a,n/a,n/a,n/a,n/a
PM8_P2_network,S2,1620985466,200,False,PD_classic,9.0,5.0,1.0,0.0,True,0.0,0.5,100,15,30,2.0,100000,0.0,0.0,1.0,0.0,0.0,0.0,0.0,1.0,0.0,1.0647210856402518,0.0,1.0647210856402518,15.0,163.04,14.027050324169222,1.0,True,True,0.0,393,baseline,1024,1888,3.6875,23.17564027370479,0.003604594330400782,0.10896384010298515,0.01845320591177862,0.8340003446006675,0.9772463450568659,5.226130653266332,0,classic,1.0,0.3,0.3,False,n/a,n/a,n/a,n/a,n/a,n/a,n/a,n/a,n/a,n/a,n/a,n/a,n/a,n/a,n/a,n/a,n/a,n/a,n/a
PM8_P2_network,S2,1669164794,200,False,PD_classic,9.0,5.0,1.0,0.0,True,0.0,0.5,100,15,30,2.0,100000,0.0,0.0,1.0,0.0,0.0,0.0,0.0,1.0,0.0,1.0662978856796275,0.0,1.0662978856796275,15.0,164.01,13.8135018498632,1.0,True,True,0.0,379,baseline,1024,1888,3.6875,23.17564027370479,0.003604594330400782,0.10896384010298515,0.01845320591177862,0.8192872964087836,0.9728536833529305,5.50253807106599,0,classic,1.0,0.3,0.3,False,n/a,n/a,n/a,n/a,n/a,n/a,n/a,n/a,n/a,n/a,n/a,n/a,n/a,n/a,n/a,n/a,n/a,n/a,n/a
PM8_P2_network,S2,798359651,200,False,PD_classic,9.0,5.0,1.0,0.0,True,0.0,0.5,100,15,30,2.0,100000,0.0,0.0,1.0,0.0,0.0,0.0,0.0,1.0,0.0,1.069755440420132,0.0,1.069755440420132,15.0,162.15,14.018605772647586,1.0,True,True,0.0,387,baseline,1024,1888,3.6875,23.17564027370479,0.003604594330400782,0.10896384010298515,0.01845320591177862,0.8179720811014345,0.9618450018040311,5.1457286432160805,0,classic,1.0,0.3,0.3,False,n/a,n/a,n/a,n/a,n/a,n/a,n/a,n/a,n/a,n/a,n/a,n/a,n/a,n/a,n/a,n/a,n/a,n/a,n/a
PM8_P2_network,S2,126337246,200,False,PD_classic,9.0,5.0,1.0,0.0,True,0.0,0.5,100,15,30,2.0,100000,0.0,0.0,1.0,0.0,0.0,0.0,0.0,1.0,0.0,1.0581147279726848,0.0,1.0581147279726848,15.0,161.53,14.127462721182766,1.0,True,True,0.0,373,baseline,1024,1888,3.6875,23.17564027370479,0.003604594330400782,0.10896384010298515,0.01845320591177862,0.8254561248274869,0.9736092391306681,5.597989949748744,0,classic,1.0,0.3,0.3,False,n/a,n/a,n/a,n/a,n/a,n/a,n/a,n/a,n/a,n/a,n/a,n/a,n/a,n/a,n/a,n/a,n/a,n/a,n/a
PM8_P2_network,S2,2121129191,200,False,PD_classic,9.0,5.0,1.0,0.0,True,0.0,0.5,100,15,30,0.1,100000,0.0,0.0,1.0,0.0,0.0,0.0,0.0,1.0,0.0,1.3101847474501098,0.0,1.3101847474501098,13.6,16.15,131.89057987863242,0.595,True,True,0.00015194460777843112,440,fragmented,1024,1510,2.94921875,25.72581622678397,0.002882911779081134,0.12811032933427496,0.020712430825958927,0.9893684333098287,0.9895520880389381,1.6161616161616161,378,classic,1.0,0.3,0.3,False,n/a,n/a,n/a,n/a,n/a,n/a,n/a,n/a,n/a,n/a,n/a,n/a,n/a,n/a,n/a,n/a,n/a,n/a,n/a
PM8_P2_network,S2,686818433,200,False,PD_classic,9.0,5.0,1.0,0.0,True,0.0,0.5,100,15,30,0.1,100000,0.0,0.0,1.0,0.0,0.0,0.0,0.0,1.0,0.0,1.450037229437586,0.0,1.450037229437586,13.875,16.64,123.36092988448085,0.55,True,True,0.00021933687734750938,578,fragmented,1024,1510,2.94921875,25.385171065493648,0.002882911779081134,0.14629755769191768,0.020550349468941385,0.962031236784488,0.962031236784488,1.3255813953488371,378,classic,1.0,0.3,0.3,False,n/a,n/a,n/a,n/a,n/a,n/a,n/a,n/a,n/a,n/a,n/a,n/a,n/a,n/a,n/a,n/a,n/a,n/a,n/a
PM8_P2_network,S2,317149051,200,False,PD_classic,9.0,5.0,1.0,0.0,True,0.0,0.5,100,15,30,2.0,100000,0.0,0.0,1.0,0.0,0.0,0.0,0.0,1.0,0.0,1.0858367926198176,0.0,1.0858367926198176,15.0,160.67,14.202628407159326,1.0,True,True,0.0,479,baseline,1024,1888,3.6875,23.17564027370479,0.003604594330400782,0.10896384010298515,0.01845320591177862,0.8412297703010336,0.9707218548404247,5.777777777777778,0,classic,1.0,0.3,0.3,False,n/a,n/a,n/a,n/a,n/a,n/a,n/a,n/a,n/a,n/a,n/a,n/a,n/a,n/a,n/a,n/a,n/a,n/a,n/a
PM8_P2_network,S2,433399445,200,False,PD_classic,9.0,5.0,1.0,0.0,True,0.0,0.5,100,15,30,2.0,100000,0.0,0.0,1.0,0.0,0.0,0.0,0.0,1.0,0.0,1.0655058261711357,0.0,1.0655058261711357,15.0,163.66,13.93829046146165,1.0,True,True,0.0,381,baseline,1024,1888,3.6875,23.17564027370479,0.003604594330400782,0.10896384010298515,0.01845320591177862,0.8226317715820917,0.9655070167898681,5.350253807106599,0,classic,1.0,0.3,0.3,False,n/a,n/a,n/a,n/a,n/a,n/a,n/a,n/a,n/a,n/a,n/a,n/a,n/a,n/a,n/a,n/a,n/a,n/a,n/a
PM8_P2_network,S2,744720527,200,False,PD_classic,9.0,5.0,1.0,0.0,True,0.0,0.5,100,15,30,0.1,100000,0.0,0.0,1.0,0.0,0.0,0.0,0.0,1.0,0.0,1.377502167343784,0.0,1.377502167343784,13.49,16.77,131.33078431957648,0.575,True,True,0.0002082248328993316,490,fragmented,1024,1510,2.94921875,25.893880742913,0.002882911779081134,0.1399992169640479,0.021047901237534708,0.9862802224587734,0.9862802224587734,1.3409090909090908,378,classic,1.0,0.3,0.3,False,n/a,n/a,n/a,n/a,n/a,n/a,n/a,n/a,n/a,n/a,n/a,n/a,n/a,n/a,n/a,n/a,n/a,n/a,n/a
PM8_P2_network,S2,381425458,200,False,PD_classic,9.0,5.0,1.0,0.0,True,0.0,0.5,100,15,30,0.1,100000,0.0,0.0,0.9949999999999999,0.0,0.0,0.0,0.004999999999999999,1.0,0.0,1.3809400444797573,0.0,1.3809400444797573,14.06,18.47,123.37428623729792,0.755,False,True,0.00791599966398181,432,fragmented,1024,1510,2.94921875,25.210312805474096,0.002882911779081134,0.14113566741277134,0.020271512818912554,0.9872156205499071,0.9880961205331515,1.3061224489795917,378,classic,1.0,0.3,0.3,False,n/a,n/a,n/a,n/a,n/a,n/a,n/a,n/a,n/a,n/a,n/a,n/a,n/a,n/a,n/a,n/a,n/a,n/a,n/a
PM8_P2_network,S2,1620985466,200,False,PD_classic,9.0,5.0,1.0,0.0,True,0.0,0.5,100,15,30,0.1,100000,0.0,0.0,1.0,0.0,0.0,0.0,0.0,1.0,0.0,1.5052033371490794,0.0,1.5052033371490794,13.56,15.84,127.7351985022218,0.51,True,True,0.003764655058619502,556,fragmented,1024,1510,2.94921875,25.94117302052786,0.002882911779081134,0.1711051157051785,0.020626699311744757,0.9887561353775023,0.9888981808320476,1.2954545454545454,378,classic,1.0,0.3,0.3,False,n/a,n/a,n/a,n/a,n/a,n/a,n/a,n/a,n/a,n/a,n/a,n/a,n/a,n/a,n/a,n/a,n/a,n/a,n/a
PM8_P2_network,S2,1669164794,200,False,PD_classic,9.0,5.0,1.0,0.0,True,0.0,0.5,100,15,30,0.1,100000,0.0,0.0,1.0,0.0,0.0,0.0,0.0,1.0,0.0,1.3864245289189536,0.0,1.3864245289189536,13.805,17.08,120.39270653168003,0.615,True,True,0.0009600038400146276,561,fragmented,1024,1510,2.94921875,25.596852394916912,0.002882911779081134,0.11571036413234588,0.020411774597658947,0.9906010237676155,0.9906010237676155,1.5632183908045978,378,classic,1.0,0.3,0.3,False,n/a,n/a,n/a,n/a,n/a,n/a,n/a,n/a,n/a,n/a,n/a,n/a,n/a,n/a,n/a,n/a,n/a,n/a,n/a
PM8_P2_network,S2,798359651,200,False,PD_classic,9.0,5.0,1.0,0.0,True,0.0,0.5,100,15,30,0.1,100000,0.0,0.0,1.0,0.0,0.0,0.0,0.0,1.0,0.0,1.6557336030221887,0.0,1.6557336030221887,13.88,16.24,130.43018739116238,0.55,True,False,0.02082497929991207,614,fragmented,1024,1510,2.94921875,25.36996089931574,0.002882911779081134,0.14280181479220427,0.020576710433751727,0.9877827587515237,0.9890899482940072,1.3176470588235294,378,classic,1.0,0.3,0.3,False,n/a,n/a,n/a,n/a,n/a,n/a,n/a,n/a,n/a,n/a,n/a,n/a,n/a,n/a,n/a,n/a,n/a,n/a,n/a
PM8_P2_network,S2,317149051,200,False,PD_classic,9.0,5.0,1.0,0.0,True,0.0,0.5,100,15,30,0.1,100000,0.0,0.0,1.0,0.0,0.0,0.0,0.0,1.0,0.0,1.4756214444521893,0.0,1.4756214444521893,13.945,17.48,119.6618628355449,0.585,True,True,0.002893547574189564,582,fragmented,1024,1510,2.94921875,25.344418377321603,0.002882911779081134,0.11735323838257146,0.020421221653079975,0.9926126191457895,0.9934448864577201,1.2747252747252746,378,classic,1.0,0.3,0.3,False,n/a,n/a,n/a,n/a,n/a,n/a,n/a,n/a,n/a,n/a,n/a,n/a,n/a,n/a,n/a,n/a,n/a,n/a,n/a
PM8_P2_network,S2,126337246,200,False,PD_classic,9.0,5.0,1.0,0.0,True,0.0,0.5,100,15,30,0.1,100000,0.0,0.0,0.99,0.0,0.0,0.009999999999999998,0.0,1.0,0.0,1.3080638226069996,0.0,1.3449831843809297,14.035,16.53,122.80183253768163,0.58,False,True,0.002348169392654133,494,fragmented,1024,1510,2.94921875,25.502316715542523,0.002882911779081134,0.12188790889841442,0.02046492245740339,0.99335915779237,0.9935053566227794,1.431578947368421,378,classic,1.0,0.3,0.3,False,n/a,n/a,n/a,n/a,n/a,n/a,n/a,n/a,n/a,n/a,n/a,n/a,n/a,n/a,n/a,n/a,n/a,n/a,n/a
PM8_P2_network,S2,433399445,200,False,PD_classic,9.0,5.0,1.0,0.0,True,0.0,0.5,100,15,30,0.1,100000,0.0,0.0,1.0,0.0,0.0,0.0,0.0,1.0,0.0,1.3217739175669934,0.0,1.3217739175669934,14.07,17.2,120.11622548437937,0.61,True,True,0.0012879411517565504,420,fragmented,1024,1510,2.94921875,25.717996089931574,0.002882911779081134,0.13471860670552965,0.02095950205570321,0.988106882525444,0.9882354833484893,1.2083333333333333,378,classic,1.0,0.3,0.3,False,n/a,n/a,n/a,n/a,n/a,n/a,n/a,n/a,n/a,n/a,n/a,n/a,n/a,n/a,n/a,n/a,n/a,n/a,n/a
PM8_P2_network,S2,2121129191,200,False,PD_classic,9.0,5.0,1.0,0.0,True,0.0,0.5,100,15,30,2.0,100000,0.0,0.0,1.0,0.0,0.0,0.0,0.0,1.0,0.0,1.0621589952468853,0.0,1.0621589952468853,15.0,141.53,17.740623715082354,1.0,True,True,0.0,441,fragmented,1024,1510,2.94921875,25.72581622678397,0.002882911779081134,0.12811032933427496,0.020712430825958927,0.8593237058387937,0.9676534813265477,4.984615384615385,378,classic,1.0,0.3,0.3,False,n/a,n/a,n/a,n/a,n/a,n/a,n/a,n/a,n/a,n/a,n/a,n/a,n/a,n/a,n/a,n/a,n/a,n/a,n/a
PM8_P2_network,S2,686818433,200,False,PD_classic,9.0,5.0,1.0,0.0,True,0.0,0.5,100,15,30,2.0,100000,0.0,0.0,1.0,0.0,0.0,0.0,0.0,1.0,0.0,1.0608921892710725,0.0,1.0608921892710725,15.0,144.26,17.35277217057757,1.0,True,True,0.0,383,fragmented,1024,1510,2.94921875,25.385171065493648,0.002882911779081134,0.14629755769191768,0.020550349468941385,0.880800108775119,0.9709853294994114,4.848484848484849,378,classic,1.0,0.3,0.3,False,n/a,n/a,n/a,n/a,n/a,n/a,n/a,n/a,n/a,n/a,n/a,n/a,n/a,n/a,n/a,n/a,n/a,n/a,n/a
PM8_P2_network,S2,744720527,200,False,PD_classic,9.0,5.0,1.0,0.0,True,0.0,0.5,100,15,30,2.0,100000,0.0,0.0,1.0,0.0,0.0,0.0,0.0,1.0,0.0,1.0687369452170112,0.0,1.0687369452170112,15.0,141.32,17.623946378083676,1.0,True,True,0.0,444,fragmented,1024,1510,2.94921875,25.893880742913,0.002882911779081134,0.1399992169640479,0.021047901237534708,0.8727328739053516,0.9738682314678901,4.757575757575758,378,classic,1.0,0.3,0.3,False,n/a,n/a,n/a,n/a,n/a,n/a,n/a,n/a,n/a,n/a,n/a,n/a,n/a,n/a,n/a,n/a,n/a,n/a,n/a
PM8_P2_network,S2,381425458,200,False,PD_classic,9.0,5.0,1.0,0.0,True,0.0,0.5,100,15,30,2.0,100000,0.0,0.0,1.0,0.0,0.0,0.0,0.0,1.0,0.0,1.058393780431547,0.0,1.058393780431547,15.0,146.76,17.024370800396568,1.0,True,True,0.0,379,fragmented,1024,1510,2.94921875,25.210312805474096,0.002882911779081134,0.14113566741277134,0.020271512818912554,0.8653788337458035,0.9641473859468823,4.680412371134021,378,classic,1.0,0.3,0.3,False,n/a,n/a,n/a,n/a,n/a,n/a,n/a,n/a,n/a,n/a,n/a,n/a,n/a,n/a,n/a,n/a,n/a,n/a,n/a
PM8_P2_network,S2,798359651,200,False,PD_classic,9.0,5.0,1.0,0.0,True,0.0,0.5,100,15,30,2.0,100000,0.0,0.0,1.0,0.0,0.0,0.0,0.0,1.0,0.0,1.0911349469315492,0.0,1.0911349469315492,15.0,143.45,17.42466628394642,1.0,True,True,0.0,492,fragmented,1024,1510,2.94921875,25.36996089931574,0.002882911779081134,0.14280181479220427,0.020576710433751727,0.872863048865906,0.9656307061109182,4.355329949238579,378,classic,1.0,0.3,0.3,False,n/a,n/a,n/a,n/a,n/a,n/a,n/a,n/a,n/a,n/a,n/a,n/a,n/a,n/a,n/a,n/a,n/a,n/a,n/a
PM8_P2_network,S2,1669164794,200,False,PD_classic,9.0,5.0,1.0,0.0,True,0.0,0.5,100,15,30,2.0,100000,0.0,0.0,1.0,0.0,0.0,0.0,0.0,1.0,0.0,1.0567447603801325,0.0,1.0567447603801325,15.0,145.94,17.218234790896453,1.0,True,True,0.0,387,fragmented,1024,1510,2.94921875,25.596852394916912,0.002882911779081134,0.11571036413234588,0.020411774597658947,0.8527032206294812,0.9679920536269476,4.808080808080808,378,classic,1.0,0.3,0.3,False,n/a,n/a,n/a,n/a,n/a,n/a,n/a,n/a,n/a,n/a,n/a,n/a,n/a,n/a,n/a,n/a,n/a,n/a,n/a
PM8_P2_network,S2,1620985466,200,False,PD_classic,9.0,5.0,1.0,0.0,True,0.0,0.5,100,15,30,2.0,100000,0.0,0.0,1.0,0.0,0.0,0.0,0.0,1.0,0.0,1.077215552384623,0.0,1.077215552384623,15.0,145.13,16.944967307976615,1.0,True,True,0.0,445,fragmented,1024,1510,2.94921875,25.94117302052786,0.002882911779081134,0.1711051157051785,0.020626699311744757,0.8540321197445684,0.9632256694849402,4.693467336683417,378,classic,1.0,0.3,0.3,False,n/a,n/a,n/a,n/a,n/a,n/a,n/a,n/a,n/a,n/a,n/a,n/a,n/a,n/a,n/a,n/a,n/a,n/a,n/a
PM8_P2_network,S2,126337246,200,False,PD_classic,9.0,5.0,1.0,0.0,True,0.0,0.5,100,15,30,2.0,100000,0.0,0.0,1.0,0.0,0.0,0.0,0.0,1.0,0.0,1.073140551242737,0.0,1.073140551242737,15.0,147.07,17.12707254174172,1.0,True,True,0.0,446,fragmented,1024,1510,2.94921875,25.502316715542523,0.002882911779081134,0.12188790889841442,0.02046492245740339,0.879339504877017,0.9735260101499722,5.461928934010152,378,classic,1.0,0.3,0.3,False,n/a,n/a,n/a,n/a,n/a,n/a,n/a,n/a,n/a,n/a,n/a,n/a,n/a,n/a,n/a,n/a,n/a,n/a,n/a
PM8_P2_network,S2,2121129191,200,False,PD_classic,9.0,5.0,1.0,0.0,True,0.0,0.5,100,15,30,0.1,100000,0.0,0.0,1.0,0.0,0.0,0.0,0.0,1.0,0.0,1.414799691154669,0.0,1.414799691154669,14.695,20.43,94.78670779192973,0.815,True,True,0.001354565418261673,579,connected,1024,1908,3.7265625,22.59355816226784,0.0036427785923753664,0.11047973273294646,0.017992639075600707,0.980929947431341,0.9823108189650138,1.3263157894736841,0,classic,1.0,0.3,0.3,False,n/a,n/a,n/a,n/a,n/a,n/a,n/a,n/a,n/a,n/a,n/a,n/a,n/a,n/a,n/a,n/a,n/a,n/a,n/a
PM8_P2_network,S2,686818433,200,False,PD_classic,9.0,5.0,1.0,0.0,True,0.0,0.5,100,15,30,0.1,100000,0.0,0.0,1.0,0.0,0.0,0.0,0.0,1.0,0.0,1.3158675367087314,0.0,1.3158675367087314,14.585,20.3,95.34200557596289,0.845,True,True,0.0,551,connected,1024,1908,3.7265625,22.68184750733138,0.0036427785923753664,0.09964303509625747,0.018069511990485933,0.9875042421653402,0.9882722812604418,1.302325581395349,0,classic,1.0,0.3,0.3,False,n/a,n/a,n/a,n/a,n/a,n/a,n/a,n/a,n/a,n/a,n/a,n/a,n/a,n/a,n/a,n/a,n/a,n/a,n/a
PM8_P2_network,S2,317149051,200,False,PD_classic,9.0,5.0,1.0,0.0,True,0.0,0.5,100,15,30,2.0,100000,0.0,0.0,1.0,0.0,0.0,0.0,0.0,1.0,0.0,1.0604409301612183,0.0,1.0604409301612183,15.0,145.58,17.366543654968748,1.0,True,True,0.0,383,fragmented,1024,1510,2.94921875,25.344418377321603,0.002882911779081134,0.11735323838257146,0.020421221653079975,0.8585657119876722,0.963637295093217,5.248730964467005,378,classic,1.0,0.3,0.3,False,n/a,n/a,n/a,n/a,n/a,n/a,n/a,n/a,n/a,n/a,n/a,n/a,n/a,n/a,n/a,n/a,n/a,n/a,n/a
PM8_P2_network,S2,433399445,200,False,PD_classic,9.0,5.0,1.0,0.0,True,0.0,0.5,100,15,30,2.0,100000,0.0,0.0,1.0,0.0,0.0,0.0,0.0,1.0,0.0,1.067125943140798,0.0,1.067125943140798,15.0,144.46,17.374552625226716,1.0,True,True,0.0,412,fragmented,1024,1510,2.94921875,25.717996089931574,0.002882911779081134,0.13471860670552965,0.02095950205570321,0.8759205711242414,0.9715515441136692,5.187817258883249,378,classic,1.0,0.3,0.3,False,n/a,n/a,n/a,n/a,n/a,n/a,n/a,n/a,n/a,n/a,n/a,n/a,n/a,n/a,n/a,n/a,n/a,n/a,n/a
PM8_P2_network,S2,744720527,200,False,PD_classic,9.0,5.0,1.0,0.0,True,0.0,0.5,100,15,30,0.1,100000,0.0,0.0,1.0,0.0,0.0,0.0,0.0,1.0,0.0,1.222350116834422,0.0,1.222350116834422,14.41,19.58,98.31549930909777,0.795,True,True,0.00012909651638606554,402,connected,1024,1908,3.7265625,22.703020527859238,0.0036427785923753664,0.12093742773809137,0.01794714488128238,0.981585099633331,0.9820187085775781,1.3186813186813187,0,classic,1.0,0.3,0.3,False,n/a,n/a,n/a,n/a,n/a,n/a,n/a,n/a,n/a,n/a,n/a,n/a,n/a,n/a,n/a,n/a,n/a,n/a,n/a
PM8_P2_network,S2,381425458,200,False,PD_classic,9.0,5.0,1.0,0.0,True,0.0,0.5,100,15,30,0.1,100000,0.0,0.0,1.0,0.0,0.0,0.0,0.0,1.0,0.0,1.2243831210488507,0.0,1.2243831210488507,14.455,20.9,93.78474915920137,0.8,True,True,0.0,411,connected,1024,1908,3.7265625,22.678748778103618,0.0036427785923753664,0.13822503935242955,0.018021477160341432,0.9830185949571246,0.9838220211663179,1.2941176470588236,0,classic,1.0,0.3,0.3,False,n/a,n/a,n/a,n/a,n/a,n/a,n/a,n/a,n/a,n/a,n/a,n/a,n/a,n/a,n/a,n/a,n/a,n/a,n/a
PM8_P2_network,S2,1620985466,200,False,PD_classic,9.0,5.0,1.0,0.0,True,0.0,0.5,100,15,30,0.1,100000,0.0,0.0,1.0,0.0,0.0,0.0,0.0,1.0,0.0,1.4085858387833636,0.0,1.4085858387833636,14.63,19.59,97.67761947014547,0.815,True,True,4.761619046476186e-05,546,connected,1024,1908,3.7265625,22.67199413489736,0.0036427785923753664,0.12368217976172854,0.0179617143068763,0.9855961352643744,0.9864972164629832,1.6,0,classic,1.0,0.3,0.3,False,n/a,n/a,n/a,n/a,n/a,n/a,n/a,n/a,n/a,n/a,n/a,n/a,n/a,n/a,n/a,n/a,n/a,n/a,n/a
PM8_P2_network,S2,1669164794,200,False,PD_classic,9.0,5.0,1.0,0.0,True,0.0,0.5,100,15,30,0.1,100000,0.0,0.0,1.0,0.0,0.0,0.0,0.0,1.0,0.0,1.251397194429536,0.0,1.251397194429536,14.69,20.74,96.5965006061546,0.82,True,True,0.0,462,connected,1024,1908,3.7265625,22.803567937438906,0.0036427785923753664,0.10968823393764451,0.01816697713236461,0.9721144006710679,0.9724751510318183,1.3333333333333333,0,classic,1.0,0.3,0.3,False,n/a,n/a,n/a,n/a,n/a,n/a,n/a,n/a,n/a,n/a,n/a,n/a,n/a,n/a,n/a,n/a,n/a,n/a,n/a
PM8_P2_network,S2,798359651,200,False,PD_classic,9.0,5.0,1.0,0.0,True,0.0,0.5,100,15,30,0.1,100000,0.0,0.0,1.0,0.0,0.0,0.0,0.0,1.0,0.0,1.3827930683582634,0.0,1.3827930683582634,14.715,19.32,96.95009343901835,0.805,True,True,0.0,544,connected,1024,1908,3.7265625,22.631104594330402,0.0036427785923753664,0.11857835447202564,0.018059028131474114,0.9906545653055783,0.9906545653055783,1.3793103448275863,0,classic,1.0,0.3,0.3,False,n/a,n/a,n/a,n/a,n/a,n/a,n/a,n/a,n/a,n/a,n/a,n/a,n/a,n/a,n/a,n/a,n/a,n/a,n/a
PM8_P2_network,S2,126337246,200,False,PD_classic,9.0,5.0,1.0,0.0,True,0.0,0.5,100,15,30,0.1,100000,0.0,0.0,1.0,0.0,0.0,0.0,0.0,1.0,0.0,1.2887058769635322,0.0,1.2887058769635322,14.585,19.42,96.52512210788939,0.78,True,True,0.0,435,connected,1024,1908,3.7265625,22.548924731182797,0.0036427785923753664,0.16618649848249925,0.01789874390068063,0.9885701808233627,0.9893600191536779,1.3670886075949367,0,classic,1.0,0.3,0.3,False,n/a,n/a,n/a,n/a,n/a,n/a,n/a,n/a,n/a,n/a,n/a,n/a,n/a,n/a,n/a,n/a,n/a,n/a,n/a
PM8_P2_network,S2,317149051,200,False,PD_classic,9.0,5.0,1.0,0.0,True,0.0,0.5,100,15,30,0.1,100000,0.0,0.0,1.0,0.0,0.0,0.0,0.0,1.0,0.0,1.2975943439500126,0.0,1.2975943439500126,14.705,19.16,99.0169565297269,0.815,True,True,0.0,504,connected,1024,1908,3.7265625,22.740224828934505,0.0036427785923753664,0.1081279941882244,0.01813791674198908,0.9936820126845313,0.9939776170993568,1.2421052631578948,0,classic,1.0,0.3,0.3,False,n/a,n/a,n/a,n/a,n/a,n/a,n/a,n/a,n/a,n/a,n/a,n/a,n/a,n/a,n/a,n/a,n/a,n/a,n/a
PM8_P2_network,S2,433399445,200,False,PD_classic,9.0,5.0,1.0,0.0,True,0.0,0.5,100,15,30,0.1,100000,0.0,0.0,1.0,0.0,0.0,0.0,0.0,1.0,0.0,1.276607118158461,0.0,1.276607118158461,14.495,19.99,99.09210229240654,0.75,True,True,0.0,422,connected,1024,1908,3.7265625,22.742160312805474,0.0036427785923753664,0.12431349120426402,0.018135708630557842,0.9931524788595061,0.9931524788595061,1.1685393258426966,0,classic,1.0,0.3,0.3,False,n/a,n/a,n/a,n/a,n/a,n/a,n/a,n/a,n/a,n/a,n/a,n/a,n/a,n/a,n/a,n/a,n/a,n/a,n/a
PM8_P2_network,S2,2121129191,200,False,PD_classic,9.0,5.0,1.0,0.0,True,0.0,0.5,100,15,30,2.0,100000,0.0,0.0,1.0,0.0,0.0,0.0,0.0,1.0,0.0,1.0618600904144189,0.0,1.0618600904144189,15.0,163.05,14.017688937951469,1.0,True,True,0.0,384,connected,1024,1908,3.7265625,22.59355816226784,0.0036427785923753664,0.11047973273294646,0.017992639075600707,0.8238695691980803,0.970964501957582,4.842639593908629,0,classic,1.0,0.3,0.3,False,n/a,n/a,n/a,n/a,n/a,n/a,n/a,n/a,n/a,n/a,n/a,n/a,n/a,n/a,n/a,n/a,n/a,n/a,n/a
PM8_P2_network,S2,686818433,200,False,PD_classic,9.0,5.0,1.0,0.0,True,0.0,0.5,100,15,30,2.0,100000,0.0,0.0,1.0,0.0,0.0,0.0,0.0,1.0,0.0,1.0743025069203087,0.0,1.0743025069203087,15.0,161.62,14.192682869413115,1.0,True,True,0.0,428,connected,1024,1908,3.7265625,22.68184750733138,0.0036427785923753664,0.09964303509625747,0.018069511990485933,0.8166105994515921,0.9690580703747754,5.484848484848484,0,classic,1.0,0.3,0.3,False,n/a,n/a,n/a,n/a,n/a,n/a,n/a,n/a,n/a,n/a,n/a,n/a,n/a,n/a,n/a,n/a,n/a,n/a,n/a
PM8_P2_network,S2,744720527,200,False,PD_classic,9.0,5.0,1.0,0.0,True,0.0,0.5,100,15,30,2.0,100000,0.0,0.0,1.0,0.0,0.0,0.0,0.0,1.0,0.0,1.059705638637414,0.0,1.059705638637414,15.0,161.78,14.149626181946099,1.0,True,True,0.0,354,connected,1024,1908,3.7265625,22.703020527859238,0.0036427785923753664,0.12093742773809137,0.01794714488128238,0.8250421662271541,0.9620653286388466,4.959595959595959,0,classic,1.0,0.3,0.3,False,n/a,n/a,n/a,n/a,n/a,n/a,n/a,n/a,n/a,n/a,n/a,n/a,n/a,n/a,n/a,n/a,n/a,n/a,n/a
PM8_P2_network,S2,381425458,200,False,PD_classic,9.0,5.0,1.0,0.0,True,0.0,0.5,100,15,30,2.0,100000,0.0,0.0,1.0,0.0,0.0,0.0,0.0,1.0,0.0,1.0631191030344957,0.0,1.0631191030344957,15.0,162.62,14.137933961060856,1.0,True,True,0.0,395,connected,1024,1908,3.7265625,22.678748778103618,0.0036427785923753664,0.13822503935242955,0.018021477160341432,0.8233922404888283,0.9644690866129183,5.59,0,classic,1.0,0.3,0.3,False,n/a,n/a,n/a,n/a,n/a,n/a,n/a,n/a,n/a,n/a,n/a,n/a,n/a,n/a,n/a,n/a,n/a,n/a,n/a
PM8_P2_network,S2,1620985466,200,False,PD_classic,9.0,5.0,1.0,0.0,True,0.0,0.5,100,15,30,2.0,100000,0.0,0.0,1.0,0.0,0.0,0.0,0.0,1.0,0.0,1.0570444722944699,0.0,1.0570444722944699,15.0,162.03,14.062817720698582,1.0,True,True,0.0,361,connected,1024,1908,3.7265625,22.67199413489736,0.0036427785923753664,0.12368217976172854,0.0179617143068763,0.8064879435887378,0.9590548329672959,5.43,0,classic,1.0,0.3,0.3,False,n/a,n/a,n/a,n/a,n/a,n/a,n/a,n/a,n/a,n/a,n/a,n/a,n/a,n/a,n/a,n/a,n/a,n/a,n/a
PM8_P2_network,S2,1669164794,200,False,PD_classic,9.0,5.0,1.0,0.0,True,0.0,0.5,100,15,30,2.0,100000,0.0,0.0,1.0,0.0,0.0,0.0,0.0,1.0,0.0,1.0578104052837882,0.0,1.0578104052837882,15.0,162.24,14.189947913489918,1.0,True,True,0.0,334,connected,1024,1908,3.7265625,22.803567937438906,0.0036427785923753664,0.10968823393764451,0.01816697713236461,0.8297955759250373,0.9694762642566529,4.793969849246231,0,classic,1.0,0.3,0.3,False,n/a,n/a,n/a,n/a,n/a,n/a,n/a,n/a,n/a,n/a,n/a,n/a,n/a,n/a,n/a,n/a,n/a,n/a,n/a
PM8_P2_network,S2,798359651,200,False,PD_classic,9.0,5.0,1.0,0.0,True,0.0,0.5,100,15,30,2.0,100000,0.0,0.0,1.0,0.0,0.0,0.0,0.0,1.0,0.0,1.0730749878558847,0.0,1.0730749878558847,15.0,161.88,14.05351403789897,1.0,True,True,0.0,399,connected,1024,1908,3.7265625,22.631104594330402,0.0036427785923753664,0.11857835447202564,0.018059028131474114,0.8193519562495813,0.9682361076863709,5.276381909547739,0,classic,1.0,0.3,0.3,False,n/a,n/a,n/a,n/a,n/a,n/a,n/a,n/a,n/a,n/a,n/a,n/a,n/a,n/a,n/a,n/a,n/a,n/a,n/a
PM8_P2_network,S2,126337246,200,False,PD_classic,9.0,5.0,1.0,0.0,True,0.0,0.5,100,15,30,2.0,100000,0.0,0.0,1.0,0.0,0.0,0.0,0.0,1.0,0.0,1.071781056366871,0.0,1.071781056366871,15.0,163.62,13.891599262293223,1.0,True,True,0.0,443,connected,1024,1908,3.7265625,22.548924731182797,0.0036427785923753664,0.16618649848249925,0.01789874390068063,0.8380833164345752,0.9722710359812651,5.525252525252525,0,classic,1.0,0.3,0.3,False,n/a,n/a,n/a,n/a,n/a,n/a,n/a,n/a,n/a,n/a,n/a,n/a,n/a,n/a,n/a,n/a,n/a,n/a,n/a
PM8_P2_network,S2,317149051,200,False,PD_classic,9.0,5.0,1.0,0.0,True,0.0,0.5,100,15,30,2.0,100000,0.0,0.0,1.0,0.0,0.0,0.0,0.0,1.0,0.0,1.055059764606559,0.0,1.055059764606559,15.0,161.45,14.109717082371821,1.0,True,True,0.0,326,connected,1024,1908,3.7265625,22.740224828934505,0.0036427785923753664,0.1081279941882244,0.01813791674198908,0.8361268813197702,0.969213905952224,5.3,0,classic,1.0,0.3,0.3,False,n/a,n/a,n/a,n/a,n/a,n/a,n/a,n/a,n/a,n/a,n/a,n/a,n/a,n/a,n/a,n/a,n/a,n/a,n/a
PM8_P2_network,S2,433399445,200,False,PD_classic,9.0,5.0,1.0,0.0,True,0.0,0.5,100,15,30,2.0,100000,0.0,0.0,1.0,0.0,0.0,0.0,0.0,1.0,0.0,1.0566551921243583,0.0,1.0566551921243583,15.0,164.55,14.061024111091761,1.0,True,True,0.0,380,connected,1024,1908,3.7265625,22.742160312805474,0.0036427785923753664,0.12431349120426402,0.018135708630557842,0.8126221113153782,0.9741388159596779,5.206030150753769,0,classic,1.0,0.3,0.3,False,n/a,n/a,n/a,n/a,n/a,n/a,n/a,n/a,n/a,n/a,n/a,n/a,n/a,n/a,n/a,n/a,n/a,n/a,n/a
